kind,id,file,heading,source_id,auteur,titre,pages_pdf,type_unite,concepts,chapitres,statut,fiabilite,auteur_principal,editeur,lieu_publication,annee_publication,isbn_paperback,isbn_hardback,isbn_cloth,citation_directe
atom,S46-000,sources/johnson_morley_an_ideal_for_living/source.md,Référence source,S46,Mark Johnson; Paul Morley; David Lees; Jon Wozencroft,An Ideal for Living: An History of Joy Division,1-123,source,"[""histoire Joy Division"", ""Factory Records"", ""chronologie concerts"", ""discographie"", ""réception critique"", ""iconographie"", ""bootlegs""]","[""Chapitre 2"", ""Chapitre 3"", ""Chapitre 5"", ""Chapitre 9"", ""Chapitre 14""]",verifie,moyenne,Mark Johnson,Proteus Books,London; New York,1984,0 86272 165 4,0 86276 166 2,0 86276 247 2,False
atom,S46-001,sources/johnson_morley_an_ideal_for_living/source.md,S46-001 — Le livre comme histoire « éclectique » et non définitive,S46,Mark Johnson,An Ideal for Living: An History of Joy Division,6,methode,"[""historiographie"", ""sources fans"", ""Factory Records"", ""incertitude documentaire""]","[""Chapitre 14""]",verifie,forte,,,,,,,,False
atom,S46-002,sources/johnson_morley_an_ideal_for_living/source.md,S46-002 — Bootlegs et culture de circulation parallèle,S46,Mark Johnson,An Ideal for Living: An History of Joy Division,6,contexte_documentaire,"[""bootlegs"", ""cassettes"", ""fans"", ""concerts"", ""circulation pirate""]","[""Chapitre 14""]",verifie,forte,,,,,,,,False
atom,S46-003,sources/johnson_morley_an_ideal_for_living/source.md,S46-003 — Paul Morley et la mémoire instable de Warsaw,S46,Paul Morley,An Ideal for Living: An History of Joy Division,7,temoignage_interpretatif,"[""Paul Morley"", ""Warsaw"", ""Pennine Sound"", ""mémoire"", ""critique musicale""]","[""Chapitre 2"", ""Chapitre 14""]",verifie,moyenne,,,,,,,,False
atom,S46-004,sources/johnson_morley_an_ideal_for_living/source.md,S46-004 — Les concerts des Sex Pistols comme matrice mancunienne,S46,Mark Johnson,An Ideal for Living: An History of Joy Division,8,chronologie,"[""Sex Pistols"", ""Buzzcocks"", ""Lesser Free Trade Hall"", ""Manchester punk"", ""origine du groupe""]","[""Chapitre 1"", ""Chapitre 2""]",verifie,moyenne,,,,,,,,False
atom,S46-005,sources/johnson_morley_an_ideal_for_living/source.md,S46-005 — Première mention presse : Stiff Kittens,S46,Mark Johnson,An Ideal for Living: An History of Joy Division,8,reception_presse,"[""Stiff Kittens"", ""Sounds"", ""Pete Silverton"", ""Anarchy Tour"", ""Electric Circus""]","[""Chapitre 2""]",verifie,moyenne,,,,,,,,False
atom,S46-006,sources/johnson_morley_an_ideal_for_living/source.md,S46-006 — Warsaw et la substitution de Steve Brotherdale par Stephen Morris,S46,Mark Johnson,An Ideal for Living: An History of Joy Division,11-12,chronologie_interne,"[""Warsaw"", ""Steve Brotherdale"", ""Stephen Morris"", ""formation du groupe"", ""batterie""]","[""Chapitre 2""]",a_verifier,moyenne,,,,,,,,False
atom,S46-007,sources/johnson_morley_an_ideal_for_living/source.md,S46-007 — La première démo Warsaw du 18 juillet 1977,S46,Mark Johnson,An Ideal for Living: An History of Joy Division,11-12; 120,discographie,"[""Warsaw Demo"", ""Pennine Sound"", ""18 juillet 1977"", ""Inside the Line"", ""The Kill"", ""At a Later Date""]","[""Chapitre 2"", ""Chapitre 3""]",a_verifier,moyenne,,,,,,,,False
atom,S46-008,sources/johnson_morley_an_ideal_for_living/source.md,S46-008 — Le passage de Warsaw à Joy Division,S46,Mark Johnson,An Ideal for Living: An History of Joy Division,15-16,chronologie,"[""Warsaw Pakt"", ""changement de nom"", ""Joy Division"", ""House of Dolls"", ""RCA""]","[""Chapitre 2"", ""Chapitre 11"", ""Chapitre 14""]",verifie,moyenne,,,,,,,,False
atom,S46-009,sources/johnson_morley_an_ideal_for_living/source.md,S46-009 — Premier concert sous le nom Joy Division,S46,Mark Johnson,An Ideal for Living: An History of Joy Division,16,chronologie,"[""Joy Division"", ""Pips"", ""Manchester"", ""25 janvier 1978"", ""première apparition""]","[""Chapitre 2"", ""Chapitre 9""]",verifie,moyenne,,,,,,,,False
atom,S46-010,sources/johnson_morley_an_ideal_for_living/source.md,S46-010 — Le Stiff/Chiswick Challenge comme bascule Gretton-Wilson,S46,Mark Johnson,An Ideal for Living: An History of Joy Division,16-17,evenement,"[""Stiff Test"", ""Chiswick Challenge"", ""Rafters"", ""Rob Gretton"", ""Tony Wilson""]","[""Chapitre 2"", ""Chapitre 5"", ""Chapitre 9""]",verifie,forte,,,,,,,,False
atom,S46-011,sources/johnson_morley_an_ideal_for_living/source.md,"S46-011 — RCA, Arrow Studios et l’album avorté",S46,Mark Johnson,An Ideal for Living: An History of Joy Division,19; 21-22,discographie_avortee,"[""RCA"", ""Arrow Studios"", ""John Anderson"", ""Bob Auger"", ""album inédit"", ""No Love Lost"", ""Interzone""]","[""Chapitre 2"", ""Chapitre 3""]",a_verifier,moyenne,,,,,,,,False
atom,S46-012,sources/johnson_morley_an_ideal_for_living/source.md,S46-012 — Rob Gretton devient manager,S46,Mark Johnson,An Ideal for Living: An History of Joy Division,21,acteur,"[""Rob Gretton"", ""management"", ""Bernard Sumner"", ""organisation"", ""professionnalisation""]","[""Chapitre 2"", ""Chapitre 9""]",verifie,forte,,,,,,,,False
atom,S46-013,sources/johnson_morley_an_ideal_for_living/source.md,S46-013 — Les badges Joy Division et Better Badges,S46,Mark Johnson,An Ideal for Living: An History of Joy Division,21,objet,"[""badges"", ""Better Badges"", ""Rob Gretton"", ""identité visuelle"", ""merchandising""]","[""Chapitre 5"", ""Chapitre 14""]",verifie,moyenne,,,,,,,,False
atom,S46-014,sources/johnson_morley_an_ideal_for_living/source.md,"S46-014 — Factory I, Russell Club, 9 juin 1978",S46,Mark Johnson,An Ideal for Living: An History of Joy Division,21-22,evenement,"[""Factory I"", ""Russell Club"", ""Tony Wilson"", ""Richard Boon"", ""Peter Saville"", ""FAC 1""]","[""Chapitre 5"", ""Chapitre 9"", ""Chapitre 14""]",verifie,forte,,,,,,,,False
atom,S46-015,sources/johnson_morley_an_ideal_for_living/source.md,S46-015 — *An Ideal for Living* 7 pouces : autoproduction et mauvais pressage,S46,Mark Johnson,An Ideal for Living: An History of Joy Division,22,discographie,"[""An Ideal for Living"", ""Enigma"", ""7 pouces"", ""autoproduction"", ""imagerie nazie""]","[""Chapitre 2"", ""Chapitre 5"", ""Chapitre 14""]",verifie,moyenne,,,,,,,,False
atom,S46-016,sources/johnson_morley_an_ideal_for_living/source.md,S46-016 — *An Ideal for Living* 12 pouces : Anonymous Records et messages de run-out,S46,Mark Johnson,An Ideal for Living: An History of Joy Division,24,discographie,"[""An Ideal for Living"", ""Anonymous Records"", ""run-out groove"", ""Digital"", ""Rabid Records""]","[""Chapitre 5"", ""Chapitre 14""]",verifie,moyenne,,,,,,,,False
atom,S46-017,sources/johnson_morley_an_ideal_for_living/source.md,S46-017 — *A Factory Sample* et Cargo Studios,S46,Mark Johnson,An Ideal for Living: An History of Joy Division,24,discographie,"[""A Factory Sample"", ""FAC 2"", ""Cargo Studios"", ""Martin Zero"", ""Digital"", ""Glass""]","[""Chapitre 3"", ""Chapitre 5"", ""Chapitre 14""]",verifie,forte,,,,,,,,False
atom,S46-018,sources/johnson_morley_an_ideal_for_living/source.md,"S46-018 — Bowdon Vale, provocation publique et accusations de nazisme",S46,Mark Johnson,An Ideal for Living: An History of Joy Division,29,reception_live,"[""Bowdon Vale"", ""public punk"", ""accusations de nazisme"", ""Bidet Boys"", ""Rob Gretton""]","[""Chapitre 9"", ""Chapitre 14""]",verifie,moyenne,,,,,,,,False
atom,S46-019,sources/johnson_morley_an_ideal_for_living/source.md,S46-019 — Rob Gretton formule l’ambition nationale,S46,Mark Johnson,An Ideal for Living: An History of Joy Division,29,acteur,"[""Rob Gretton"", ""stratégie"", ""nord-ouest"", ""diffusion nationale"", ""refus du sud""]","[""Chapitre 9""]",verifie,forte,,,,,,,,False
atom,S46-020,sources/johnson_morley_an_ideal_for_living/source.md,S46-020 — Strawberry Studios et l’enregistrement d’*Unknown Pleasures*,S46,Mark Johnson,An Ideal for Living: An History of Joy Division,29-30,discographie,"[""Unknown Pleasures"", ""Strawberry Studios"", ""Martin Hannett"", ""avril 1979"", ""premier album""]","[""Chapitre 3"", ""Chapitre 5""]",verifie,forte,,,,,,,,False
atom,S46-021,sources/johnson_morley_an_ideal_for_living/source.md,S46-021 — Réception NME à Eric’s : Joy Division comme « Important Band »,S46,Mark Johnson,An Ideal for Living: An History of Joy Division,29,reception_presse,"[""Ian Wood"", ""NME"", ""Eric's Liverpool"", ""industrial malaise"", ""Ian Curtis""]","[""Chapitre 3"", ""Chapitre 11"", ""Chapitre 14""]",verifie,moyenne,,,,,,,,False
atom,S46-022,sources/johnson_morley_an_ideal_for_living/source.md,S46-022 — Pochette d’*Unknown Pleasures* et source scientifique du motif,S46,Mark Johnson,An Ideal for Living: An History of Joy Division,30,iconographie,"[""Unknown Pleasures"", ""Peter Saville"", ""Bernard Sumner"", ""pulsar"", ""design Factory""]","[""Chapitre 5"", ""Chapitre 14""]",verifie,forte,,,,,,,,False
atom,S46-023,sources/johnson_morley_an_ideal_for_living/source.md,S46-023 — *Transmission* comme single de relance et attraction des majors,S46,Mark Johnson,An Ideal for Living: An History of Joy Division,49,discographie_strategie,"[""Transmission"", ""Warner Brothers"", ""Bob Krasnow"", ""Martin Hannett"", ""Peter Saville"", ""Rob Gretton""]","[""Chapitre 5"", ""Chapitre 9"", ""Chapitre 14""]",verifie,moyenne,,,,,,,,False
atom,S46-024,sources/johnson_morley_an_ideal_for_living/source.md,S46-024 — Le second Peel Session,S46,Mark Johnson,An Ideal for Living: An History of Joy Division,49; 120,broadcast,"[""Peel Session"", ""26 novembre 1979"", ""10 décembre 1979"", ""Sound of Music"", ""Colony"", ""24 Hours"", ""Love Will Tear Us Apart""]","[""Chapitre 3"", ""Chapitre 6""]",a_verifier,moyenne,,,,,,,,False
atom,S46-025,sources/johnson_morley_an_ideal_for_living/source.md,S46-025 — Europe 1979-1980 et Les Bains-Douches,S46,Mark Johnson,An Ideal for Living: An History of Joy Division,49,chronologie_tournee,"[""Les Bains-Douches"", ""Paris"", ""tournée européenne"", ""radio française"", ""18 décembre 1979""]","[""Chapitre 9"", ""Chapitre 14""]",verifie,moyenne,,,,,,,,False
atom,S46-026,sources/johnson_morley_an_ideal_for_living/source.md,S46-026 — Paradiso : double set du 11 janvier 1980,S46,Mark Johnson,An Ideal for Living: An History of Joy Division,49,chronologie_tournee,"[""Paradiso"", ""Amsterdam"", ""11 janvier 1980"", ""double set"", ""bootleg""]","[""Chapitre 9"", ""Chapitre 14""]",verifie,moyenne,,,,,,,,False
atom,S46-027,sources/johnson_morley_an_ideal_for_living/source.md,S46-027 — Rainbow Theatre : crise d’épilepsie du 4 avril 1980,S46,Mark Johnson,An Ideal for Living: An History of Joy Division,53,evenement_biographique,"[""Ian Curtis"", ""epilepsie"", ""Rainbow Theatre"", ""4 avril 1980"", ""stroboscopes""]","[""Chapitre 4"", ""Chapitre 10"", ""Chapitre 12""]",verifie,moyenne,,,,,,,,False
atom,S46-028,sources/johnson_morley_an_ideal_for_living/source.md,S46-028 — Plan K : William Burroughs et la rue de Manchester,S46,Mark Johnson,An Ideal for Living: An History of Joy Division,41,evenement,"[""Plan K"", ""Bruxelles"", ""William Burroughs"", ""Cabaret Voltaire"", ""Ian Curtis""]","[""Chapitre 9"", ""Chapitre 13"", ""Chapitre 14""]",verifie,moyenne,,,,,,,,False
atom,S46-029,sources/johnson_morley_an_ideal_for_living/source.md,"S46-029 — Paul Morley, Wozencroft et la lecture occulto-filmique",S46,Paul Morley; Jon Wozencroft,An Ideal for Living: An History of Joy Division,33; 47-48; 64-65; 112-114,interpretation,"[""montage théorique"", ""film"", ""hypnose"", ""backward masking"", ""varispeed"", ""voix"", ""death drive""]","[""Chapitre 3"", ""Chapitre 11"", ""Chapitre 12""]",a_verifier,faible,,,,,,,,False
atom,S46-030,sources/johnson_morley_an_ideal_for_living/source.md,S46-030 — New Order comme futur programmé de Joy Division,S46,Mark Johnson,An Ideal for Living: An History of Joy Division,77; 106-107; 110; 112,prolongement,"[""New Order"", ""Ceremony"", ""Procession"", ""Blue Monday"", ""Temptation"", ""héritage Joy Division""]","[""Chapitre 14""]",verifie,moyenne,,,,,,,,False
atom,S46-031,sources/johnson_morley_an_ideal_for_living/source.md,S46-031 — Liste des photographes comme cartographie visuelle,S46,Mark Johnson,An Ideal for Living: An History of Joy Division,122,iconographie,"[""photographes"", ""Kevin Cummins"", ""Anton Corbijn"", ""Philippe Carly"", ""Paul Slattery"", ""Malcolm Whitehead""]","[""Chapitre 14""]",verifie,forte,,,,,,,,False
atom,S45-016,sources/deborah_curtis/atomisation_02_unknown_pleasures_domesticite_maladie.md,S45-016 — Factory introduit une nouvelle hiérarchie affective,S45,Deborah Curtis,Touching from a Distance,77-85,dynamique_collective,"[""Factory"", ""Tony Wilson"", ""Rob Gretton"", ""priorité du groupe""]","[""Chapitre 5"", ""Chapitre 9""]",verifie,forte,,,,,,,,False
atom,S45-017,sources/deborah_curtis/atomisation_02_unknown_pleasures_domesticite_maladie.md,S45-017 — Deborah vit l’entourage Factory comme un espace masculin fermé,S45,Deborah Curtis,Touching from a Distance,80-95,sociologie_scene,"[""masculinité"", ""Factory"", ""exclusion"", ""femmes"", ""scène post-punk""]","[""Chapitre 5"", ""Chapitre 9"", ""Chapitre 11""]",verifie,moyenne,,,,,,,,False
atom,S45-018,sources/deborah_curtis/atomisation_02_unknown_pleasures_domesticite_maladie.md,S45-018 — *Unknown Pleasures* transforme l’image publique du groupe,S45,Deborah Curtis,Touching from a Distance,90-100,réception,"[""Unknown Pleasures"", ""presse musicale"", ""image publique"", ""succès critique""]","[""Chapitre 5"", ""Chapitre 14""]",verifie,forte,,,,,,,,False
atom,S45-019,sources/deborah_curtis/atomisation_02_unknown_pleasures_domesticite_maladie.md,S45-019 — Deborah Curtis découvre les effets concrets de l’épilepsie,S45,Deborah Curtis,Touching from a Distance,90-110,fait_sensible,"[""épilepsie"", ""médicaments"", ""crises"", ""quotidien""]","[""Chapitre 4"", ""Chapitre 12""]",verifie,forte,,,,,,,,False
atom,S45-020,sources/deborah_curtis/atomisation_02_unknown_pleasures_domesticite_maladie.md,S45-020 — Les médicaments modifient le comportement de Ian Curtis,S45,Deborah Curtis,Touching from a Distance,95-115,santé,"[""médicaments"", ""Temazepam"", ""phénobarbital"", ""fatigue"", ""comportement""]","[""Chapitre 4"", ""Chapitre 12""]",a_verifier,moyenne,,,,,,,,False
atom,S45-021,sources/deborah_curtis/atomisation_02_unknown_pleasures_domesticite_maladie.md,S45-021 — La grossesse de Deborah accentue l’isolement domestique,S45,Deborah Curtis,Touching from a Distance,100-118,domesticité,"[""grossesse"", ""isolement"", ""solitude"", ""tournée""]","[""Chapitre 4"", ""Chapitre 11""]",verifie,forte,,,,,,,,False
atom,S45-022,sources/deborah_curtis/atomisation_02_unknown_pleasures_domesticite_maladie.md,S45-022 — Natalie Curtis : paternité et désorganisation,S45,Deborah Curtis,Touching from a Distance,110-120,famille,"[""Natalie Curtis"", ""paternité"", ""famille"", ""désorganisation""]","[""Chapitre 4"", ""Chapitre 11""]",verifie,forte,,,,,,,,False
atom,S45-023,sources/deborah_curtis/atomisation_02_unknown_pleasures_domesticite_maladie.md,S45-023 — Ian Curtis continue de travailler malgré le succès,S45,Deborah Curtis,Touching from a Distance,105-120,travail,"[""emploi"", ""assistance sociale"", ""travail administratif"", ""double vie""]","[""Chapitre 1"", ""Chapitre 4""]",verifie,forte,,,,,,,,False
atom,S45-024,sources/deborah_curtis/atomisation_02_unknown_pleasures_domesticite_maladie.md,S45-024 — Deborah décrit une fatigue chronique de Ian Curtis,S45,Deborah Curtis,Touching from a Distance,105-125,santé,"[""fatigue"", ""sommeil"", ""tournées"", ""épilepsie""]","[""Chapitre 4"", ""Chapitre 12""]",verifie,forte,,,,,,,,False
atom,S45-025,sources/deborah_curtis/atomisation_02_unknown_pleasures_domesticite_maladie.md,S45-025 — Le public ne comprend pas les crises de Ian Curtis,S45,Deborah Curtis,Touching from a Distance,115-125,réception_scene,"[""scène"", ""crises"", ""public"", ""incompréhension""]","[""Chapitre 4"", ""Chapitre 9""]",verifie,forte,,,,,,,,False
atom,S45-026,sources/deborah_curtis/atomisation_02_unknown_pleasures_domesticite_maladie.md,S45-026 — Deborah Curtis refuse la mythologie romantique du génie détruit,S45,Deborah Curtis,Touching from a Distance,120-130,positionnement,"[""mythe romantique"", ""Ian Curtis"", ""démystification""]","[""Chapitre 10"", ""Chapitre 14""]",verifie,forte,,,,,,,,False
atom,S45-027,sources/deborah_curtis/atomisation_02_unknown_pleasures_domesticite_maladie.md,S45-027 — Annick Honoré introduit une fracture supplémentaire,S45,Deborah Curtis,Touching from a Distance,125-138,relation,"[""Annick Honoré"", ""Bruxelles"", ""relation parallèle"", ""fracture conjugale""]","[""Chapitre 4"", ""Chapitre 6""]",verifie,moyenne,,,,,,,,False
atom,S45-028,sources/deborah_curtis/atomisation_02_unknown_pleasures_domesticite_maladie.md,S45-028 — Ian Curtis devient progressivement absent du foyer,S45,Deborah Curtis,Touching from a Distance,125-140,domesticité,"[""absence"", ""tournées"", ""foyer"", ""désagrégation""]","[""Chapitre 4"", ""Chapitre 11""]",verifie,forte,,,,,,,,False
atom,S45-029,sources/deborah_curtis/atomisation_02_unknown_pleasures_domesticite_maladie.md,S45-029 — Deborah Curtis décrit la peur permanente des crises,S45,Deborah Curtis,Touching from a Distance,130-142,peur,"[""peur"", ""surveillance"", ""épilepsie"", ""sommeil""]","[""Chapitre 4"", ""Chapitre 12""]",verifie,forte,,,,,,,,False
atom,S45-030,sources/deborah_curtis/atomisation_02_unknown_pleasures_domesticite_maladie.md,S45-030 — « I felt increasingly isolated »,S45,Deborah Curtis,Touching from a Distance,140-145,citation_clef,"[""isolement"", ""domesticité"", ""solitude""]","[""Chapitre 11""]",a_verifier,moyenne,,,,,,,,True
atom,S45-031,sources/deborah_curtis/atomisation_03_closer_derniers_mois_memoire.md,S45-031 — *Closer* est vécu comme un album froid et distant,S45,Deborah Curtis,Touching from a Distance,146-155,réception,"[""Closer"", ""froideur"", ""distance"", ""Martin Hannett""]","[""Chapitre 6"", ""Chapitre 7""]",verifie,moyenne,,,,,,,,False
atom,S45-032,sources/deborah_curtis/atomisation_03_closer_derniers_mois_memoire.md,S45-032 — Ian Curtis devient difficilement joignable émotionnellement,S45,Deborah Curtis,Touching from a Distance,150-165,relation_conjugale,"[""retrait émotionnel"", ""silence"", ""isolement"", ""couple""]","[""Chapitre 4"", ""Chapitre 11""]",verifie,moyenne,,,,,,,,False
atom,S45-033,sources/deborah_curtis/atomisation_03_closer_derniers_mois_memoire.md,S45-033 — La tentative de suicide bouleverse le foyer,S45,Deborah Curtis,Touching from a Distance,160-170,fait_sensible,"[""tentative de suicide"", ""foyer"", ""hôpital"", ""famille""]","[""Chapitre 4"", ""Chapitre 10"", ""Chapitre 12""]",verifie,forte,,,,,,,,False
atom,S45-034,sources/deborah_curtis/atomisation_03_closer_derniers_mois_memoire.md,S45-034 — Deborah Curtis refuse d’endosser seule une responsabilité morale,S45,Deborah Curtis,Touching from a Distance,165-175,mémoire,"[""culpabilité"", ""responsabilité"", ""mémoire"", ""deuil""]","[""Chapitre 10"", ""Chapitre 14""]",verifie,forte,,,,,,,,False
atom,S45-035,sources/deborah_curtis/atomisation_03_closer_derniers_mois_memoire.md,S45-035 — Derby Hall devient un moment de rupture visible,S45,Deborah Curtis,Touching from a Distance,170-178,evenement_live,"[""Derby Hall"", ""Bury"", ""crise"", ""scène""]","[""Chapitre 6"", ""Chapitre 9""]",verifie,forte,,,,,,,,False
atom,S45-036,sources/deborah_curtis/atomisation_03_closer_derniers_mois_memoire.md,S45-036 — Ian Curtis hésite face à la tournée américaine,S45,Deborah Curtis,Touching from a Distance,175-182,chronologie,"[""tournée américaine"", ""anxiété"", ""fatigue"", ""pression""]","[""Chapitre 6"", ""Chapitre 9""]",verifie,moyenne,,,,,,,,False
atom,S45-037,sources/deborah_curtis/atomisation_03_closer_derniers_mois_memoire.md,S45-037 — La séparation conjugale devient concrète,S45,Deborah Curtis,Touching from a Distance,180-188,relation,"[""séparation"", ""divorce"", ""foyer"", ""rupture""]","[""Chapitre 4"", ""Chapitre 10""]",verifie,forte,,,,,,,,False
atom,S45-038,sources/deborah_curtis/atomisation_03_closer_derniers_mois_memoire.md,S45-038 — Deborah Curtis décrit les derniers jours comme étrangement ordinaires,S45,Deborah Curtis,Touching from a Distance,188-196,mémoire_sensible,"[""derniers jours"", ""banalité"", ""quotidien"", ""mémoire""]","[""Chapitre 10"", ""Chapitre 11""]",verifie,moyenne,,,,,,,,False
atom,S45-039,sources/deborah_curtis/atomisation_03_closer_derniers_mois_memoire.md,S45-039 — Le suicide détruit immédiatement la temporalité ordinaire,S45,Deborah Curtis,Touching from a Distance,196-200,trauma,"[""trauma"", ""temporalité"", ""choc"", ""deuil""]","[""Chapitre 10"", ""Chapitre 12""]",verifie,forte,,,,,,,,False
atom,S45-040,sources/deborah_curtis/atomisation_03_closer_derniers_mois_memoire.md,S45-040 — Factory transforme rapidement Joy Division en archive,S45,Deborah Curtis,Touching from a Distance,200-208,mémoire_collective,"[""Factory"", ""archive"", ""Still"", ""postérité""]","[""Chapitre 10"", ""Chapitre 14""]",verifie,moyenne,,,,,,,,False
atom,S45-041,sources/deborah_curtis/atomisation_03_closer_derniers_mois_memoire.md,S45-041 — Deborah Curtis se sent progressivement dépossédée du récit public,S45,Deborah Curtis,Touching from a Distance,205-215,mémoire,"[""dépossession"", ""récit public"", ""fans"", ""médias""]","[""Chapitre 10"", ""Chapitre 14""]",verifie,forte,,,,,,,,False
atom,S45-042,sources/deborah_curtis/atomisation_03_closer_derniers_mois_memoire.md,S45-042 — Le manuscrit de « Love Will Tear Us Apart » devient relique,S45,Deborah Curtis,Touching from a Distance,210-218,archive,"[""Love Will Tear Us Apart"", ""manuscrit"", ""relique"", ""mémoire matérielle""]","[""Chapitre 6"", ""Chapitre 10"", ""Chapitre 14""]",verifie,forte,,,,,,,,False
atom,S45-043,sources/deborah_curtis/atomisation_03_closer_derniers_mois_memoire.md,S45-043 — Deborah Curtis écrit contre le mythe romantique posthume,S45,Deborah Curtis,Touching from a Distance,210-fin,positionnement,"[""anti-romantisme"", ""mythe Curtis"", ""mémoire critique""]","[""Chapitre 10"", ""Chapitre 14""]",verifie,forte,,,,,,,,False
atom,S45-044,sources/deborah_curtis/atomisation_03_closer_derniers_mois_memoire.md,S45-044 — Deborah Curtis devient malgré elle gardienne d’archive,S45,Deborah Curtis,Touching from a Distance,215-fin,archive_vivante,"[""archive"", ""mémoire"", ""transmission"", ""postérité""]","[""Chapitre 10"", ""Chapitre 14""]",verifie,forte,,,,,,,,False
atom,S45-001,sources/deborah_curtis/atomisation_01_enfance_mariage_warsaw.md,S45-001 — Ian Curtis naît à Old Trafford mais grandit à Macclesfield,S45,Deborah Curtis,Touching from a Distance,17,biographie,"[""Macclesfield"", ""Old Trafford"", ""enfance"", ""géographie""]","[""Chapitre 1"", ""Chapitre 4""]",verifie,forte,,,,,,,,False
atom,S45-002,sources/deborah_curtis/atomisation_01_enfance_mariage_warsaw.md,S45-002 — Ian Curtis enfant : passion pour les livres d’histoire,S45,Deborah Curtis,Touching from a Distance,17,biographie_culturelle,"[""Ladybird books"", ""Rome antique"", ""lectures"", ""imaginaire historique""]","[""Chapitre 4"", ""Chapitre 12""]",verifie,forte,,,,,,,,True
atom,S45-003,sources/deborah_curtis/atomisation_01_enfance_mariage_warsaw.md,S45-003 — « There was more to living than working nine to five »,S45,Deborah Curtis,Touching from a Distance,18,citation_clef,"[""classe ouvriere"", ""refus du travail répétitif"", ""imaginaire d'évasion""]","[""Chapitre 1"", ""Chapitre 11""]",verifie,forte,,,,,,,,True
atom,S45-004,sources/deborah_curtis/atomisation_01_enfance_mariage_warsaw.md,S45-004 — Ian Curtis hérite du silence de son père,S45,Deborah Curtis,Touching from a Distance,17-18,psychologie_sociale,"[""silence"", ""père"", ""écriture"", ""intériorité""]","[""Chapitre 4"", ""Chapitre 11""]",verifie,moyenne,,,,,,,,False
atom,S45-005,sources/deborah_curtis/atomisation_01_enfance_mariage_warsaw.md,S45-005 — Aunty Nell : horizon d’une vie différente,S45,Deborah Curtis,Touching from a Distance,18,environnement_social,"[""Aunty Nell"", ""mobilité sociale"", ""imaginaire"", ""distinction""]","[""Chapitre 1"", ""Chapitre 4""]",verifie,forte,,,,,,,,False
atom,S45-006,sources/deborah_curtis/atomisation_01_enfance_mariage_warsaw.md,S45-006 — Deborah Curtis construit un Ian pré-punk,S45,Deborah Curtis,Touching from a Distance,17-25,cadre_narratif,"[""pré-punk"", ""continuité biographique"", ""anti-déterminisme punk""]","[""Chapitre 2"", ""Chapitre 4""]",verifie,forte,,,,,,,,False
atom,S45-007,sources/deborah_curtis/atomisation_01_enfance_mariage_warsaw.md,S45-007 — Rare Records comme point de bascule culturel,S45,Deborah Curtis,Touching from a Distance,30-40,culture_musicale,"[""Rare Records"", ""Bowie"", ""Iggy Pop"", ""Velvet Underground""]","[""Chapitre 2"", ""Chapitre 3""]",a_verifier,moyenne,,,,,,,,False
atom,S45-008,sources/deborah_curtis/atomisation_01_enfance_mariage_warsaw.md,S45-008 — Ian Curtis exerce un contrôle affectif important,S45,Deborah Curtis,Touching from a Distance,35-50,relation_conjugale,"[""contrôle"", ""jalousie"", ""couple"", ""domesticité""]","[""Chapitre 4"", ""Chapitre 11""]",verifie,moyenne,,,,,,,,False
atom,S45-009,sources/deborah_curtis/atomisation_01_enfance_mariage_warsaw.md,S45-009 — Mariage précoce et provincialité,S45,Deborah Curtis,Touching from a Distance,40-55,sociologie,"[""mariage jeune"", ""Macclesfield"", ""classe populaire"", ""horizon social""]","[""Chapitre 1"", ""Chapitre 4""]",verifie,forte,,,,,,,,False
atom,S45-010,sources/deborah_curtis/atomisation_01_enfance_mariage_warsaw.md,S45-010 — Le couple écoute reggae et soul dans l’espace domestique,S45,Deborah Curtis,Touching from a Distance,45-60,culture_domestique,"[""reggae"", ""soul"", ""domesticité"", ""écoute musicale""]","[""Chapitre 3"", ""Chapitre 11""]",a_verifier,moyenne,,,,,,,,False
atom,S45-011,sources/deborah_curtis/atomisation_01_enfance_mariage_warsaw.md,S45-011 — Les Sex Pistols comme déclencheur mais non origine totale,S45,Deborah Curtis,Touching from a Distance,60-65,histoire_punk,"[""Sex Pistols"", ""Lesser Free Trade Hall"", ""déclencheur"", ""punk""]","[""Chapitre 2""]",verifie,forte,,,,,,,,False
atom,S45-012,sources/deborah_curtis/atomisation_01_enfance_mariage_warsaw.md,S45-012 — Warsaw puis Joy Division : intrusion du groupe dans le foyer,S45,Deborah Curtis,Touching from a Distance,65-72,dynamique_collective,"[""Warsaw"", ""répétitions"", ""vie conjugale"", ""intrusion du groupe""]","[""Chapitre 2"", ""Chapitre 9""]",verifie,forte,,,,,,,,False
atom,S45-013,sources/deborah_curtis/atomisation_01_enfance_mariage_warsaw.md,S45-013 — Factory Sample : première froideur Hannett,S45,Deborah Curtis,Touching from a Distance,75,production,"[""Factory Sample"", ""Martin Hannett"", ""Digital"", ""Glass""]","[""Chapitre 5"", ""Chapitre 7""]",verifie,forte,,,,,,,,True
atom,S45-014,sources/deborah_curtis/atomisation_01_enfance_mariage_warsaw.md,S45-014 — Premier fit reconnu de Ian Curtis,S45,Deborah Curtis,Touching from a Distance,75-76,fait_sensible,"[""épilepsie"", ""Hope and Anchor"", ""Bernard Sumner"", ""crise""]","[""Chapitre 4"", ""Chapitre 12""]",verifie,forte,,,,,,,,False
atom,S45-015,sources/deborah_curtis/atomisation_01_enfance_mariage_warsaw.md,S45-015 — « We took it for granted that the incident had been a one-off »,S45,Deborah Curtis,Touching from a Distance,76,citation_clef,"[""déni"", ""maladie"", ""incompréhension médicale""]","[""Chapitre 4"", ""Chapitre 12""]",verifie,forte,,,,,,,,True
atom,S41-040,sources/hook/atomisation_02_transmission_1978.md,S41-040 — Dernier concert sous le nom Warsaw,S41,Peter Hook,Unknown Pleasures: Inside Joy Division,105,chronologie,"[""Warsaw"", ""changement de nom"", ""Swinging Apple"", ""transition""]","[""Chapitre 2"", ""Chapitre 9""]",verifie,forte,,,,,,,,False
atom,S41-041,sources/hook/atomisation_02_transmission_1978.md,S41-041 — Vide scénique après le premier concert Joy Division,S41,Peter Hook,Unknown Pleasures: Inside Joy Division,107-108,contexte,"[""absence de concerts"", ""gestion amateur"", ""frustration"", ""promotion locale""]","[""Chapitre 2"", ""Chapitre 9""]",verifie,forte,,,,,,,,False
atom,S41-042,sources/hook/atomisation_02_transmission_1978.md,S41-042 — Rafters et le Stiff/Chiswick Challenge comme scène de sélection,S41,Peter Hook,Unknown Pleasures: Inside Joy Division,108-110,evenement,"[""Stiff Records"", ""Chiswick"", ""Rafters"", ""selection musicale"", ""scene locale""]","[""Chapitre 2"", ""Chapitre 9""]",verifie,forte,,,,,,,,False
atom,S41-043,sources/hook/atomisation_02_transmission_1978.md,S41-043 — La colère comme intensificateur scénique,S41,Peter Hook,Unknown Pleasures: Inside Joy Division,108-110,interpretation,"[""colere"", ""performance"", ""intensite"", ""live""]","[""Chapitre 2"", ""Chapitre 9""]",verifie,moyenne,,,,,,,,False
atom,S41-044,sources/hook/atomisation_02_transmission_1978.md,S41-044 — Tony Wilson repère Joy Division,S41,Peter Hook,Unknown Pleasures: Inside Joy Division,109-110,fait,"[""Tony Wilson"", ""Rafters"", ""Factory"", ""reconnaissance""]","[""Chapitre 2"", ""Chapitre 5"", ""Chapitre 14""]",verifie,forte,,,,,,,,False
atom,S41-045,sources/hook/atomisation_02_transmission_1978.md,S41-045 — Rob Gretton découvre Joy Division,S41,Peter Hook,Unknown Pleasures: Inside Joy Division,109-110,fait,"[""Rob Gretton"", ""management"", ""Rafters"", ""revelation""]","[""Chapitre 2"", ""Chapitre 9""]",verifie,forte,,,,,,,,False
atom,S41-046,sources/hook/atomisation_02_transmission_1978.md,S41-046 — RCA : promesse industrielle et malentendu esthétique,S41,Peter Hook,Unknown Pleasures: Inside Joy Division,110-112,evenement,"[""RCA"", ""Arrow Studios"", ""Keep On Keepin' On"", ""industrie musicale"", ""malentendu""]","[""Chapitre 2"", ""Chapitre 3""]",verifie,forte,,,,,,,,False
atom,S41-047,sources/hook/atomisation_02_transmission_1978.md,S41-047 — Les sessions Arrow comme expérience négative structurante,S41,Peter Hook,Unknown Pleasures: Inside Joy Division,110-112,interpretation,"[""Arrow Studios"", ""album inedit"", ""echec"", ""refus du cabaret"", ""anti-recit RCA""]","[""Chapitre 2"", ""Chapitre 3""]",verifie,forte,,,,,,,,False
atom,S41-048,sources/hook/atomisation_02_transmission_1978.md,S41-048 — Classe sociale et exclusion de la scène arty mancunienne,S41,Peter Hook,Unknown Pleasures: Inside Joy Division,111-112,interpretation,"[""classe ouvriere"", ""Manchester punk"", ""outsider"", ""anti-artiness""]","[""Chapitre 2"", ""Chapitre 13""]",verifie,moyenne,,,,,,,,False
atom,S41-049,sources/hook/atomisation_02_transmission_1978.md,S41-049 — Rob Gretton entre dans le groupe par la pratique,S41,Peter Hook,Unknown Pleasures: Inside Joy Division,113-115,fait,"[""Rob Gretton"", ""management"", ""TJ Davidson"", ""organisation""]","[""Chapitre 2"", ""Chapitre 9""]",verifie,forte,,,,,,,,False
atom,S41-050,sources/hook/atomisation_02_transmission_1978.md,S41-050 — Gretton corrige immédiatement *An Ideal for Living*,S41,Peter Hook,Unknown Pleasures: Inside Joy Division,113-114,fait,"[""Rob Gretton"", ""An Ideal for Living"", ""remastering"", ""artwork"", ""imagerie nazie""]","[""Chapitre 2"", ""Chapitre 14""]",verifie,forte,,,,,,,,False
atom,S41-051,sources/hook/atomisation_02_transmission_1978.md,"S41-051 — Rabid, Tosh Ryan et la reprise commerciale du premier EP",S41,Peter Hook,Unknown Pleasures: Inside Joy Division,114,fait,"[""Rabid Records"", ""Tosh Ryan"", ""An Ideal for Living"", ""distribution""]","[""Chapitre 2""]",verifie,forte,,,,,,,,False
atom,S41-052,sources/hook/atomisation_02_transmission_1978.md,S41-052 — Rachat des bandes Arrow : reconquête du contrôle artistique,S41,Peter Hook,Unknown Pleasures: Inside Joy Division,114,fait,"[""Arrow Studios"", ""John Anderson"", ""masters"", ""controle artistique"", ""bootlegs""]","[""Chapitre 2"", ""Chapitre 14""]",verifie,moyenne,,,,,,,,False
atom,S41-053,sources/hook/atomisation_02_transmission_1978.md,S41-053 — Le Transit bleu : autonomie matérielle du groupe,S41,Peter Hook,Unknown Pleasures: Inside Joy Division,114-115,contexte_materiel,"[""Transit van"", ""autonomie"", ""logistique"", ""tournée""]","[""Chapitre 2"", ""Chapitre 9""]",verifie,forte,,,,,,,,False
atom,S41-054,sources/hook/atomisation_02_transmission_1978.md,S41-054 — Rob Gretton comme accélérateur systémique,S41,Peter Hook,Unknown Pleasures: Inside Joy Division,115-118,interpretation,"[""Rob Gretton"", ""manager"", ""Factory"", ""Musicians' Collective"", ""organisation""]","[""Chapitre 2"", ""Chapitre 9"", ""Chapitre 14""]",verifie,forte,,,,,,,,False
atom,S41-055,sources/hook/atomisation_02_transmission_1978.md,S41-055 — « Transmission » comme premier moment d’évidence collective,S41,Peter Hook,Unknown Pleasures: Inside Joy Division,115-117,evenement,"[""Transmission"", ""Mayflower Club"", ""revelation sonore"", ""composition""]","[""Chapitre 3"", ""Chapitre 5"", ""Chapitre 9""]",verifie,forte,,,,,,,,False
atom,S41-056,sources/hook/atomisation_02_transmission_1978.md,S41-056 — Oz PA et la professionnalisation du son live,S41,Peter Hook,Unknown Pleasures: Inside Joy Division,116,fait,"[""Oz PA"", ""son live"", ""professionnalisation"", ""Mayflower Club""]","[""Chapitre 3"", ""Chapitre 9""]",verifie,forte,,,,,,,,False
atom,S41-057,sources/hook/atomisation_02_transmission_1978.md,"S41-057 — Tony Wilson, Alan Erasmus et naissance de Factory comme lieu",S41,Peter Hook,Unknown Pleasures: Inside Joy Division,117-118,contexte_historique,"[""Tony Wilson"", ""Alan Erasmus"", ""Factory club"", ""Russell Club"", ""Peter Saville"", ""FAC 1""]","[""Chapitre 5"", ""Chapitre 14""]",verifie,forte,,,,,,,,False
atom,S41-058,sources/hook/atomisation_02_transmission_1978.md,S41-058 — Premier concert Factory de Joy Division,S41,Peter Hook,Unknown Pleasures: Inside Joy Division,118,fait,"[""Factory"", ""Russell Club"", ""Tiller Boys"", ""live""]","[""Chapitre 5"", ""Chapitre 9""]",verifie,forte,,,,,,,,False
atom,S41-059,sources/hook/atomisation_02_transmission_1978.md,S41-059 — Manchester Musicians’ Collective : coopération contrainte,S41,Peter Hook,Unknown Pleasures: Inside Joy Division,118-119,contexte,"[""Manchester Musicians' Collective"", ""Band on the Wall"", ""cooperation"", ""scene locale""]","[""Chapitre 2"", ""Chapitre 9""]",verifie,forte,,,,,,,,False
atom,S41-060,sources/hook/atomisation_02_transmission_1978.md,S41-060 — Gretton dépense pour le son : philosophie d’investissement,S41,Peter Hook,Unknown Pleasures: Inside Joy Division,119,interpretation,"[""Rob Gretton"", ""PA"", ""investissement"", ""son live""]","[""Chapitre 3"", ""Chapitre 9""]",verifie,forte,,,,,,,,False
atom,S41-061,sources/hook/atomisation_02_transmission_1978.md,S41-061 — Tension Ian Curtis / Rob Gretton : double autorité,S41,Peter Hook,Unknown Pleasures: Inside Joy Division,119,interpretation,"[""Ian Curtis"", ""Rob Gretton"", ""pouvoir interne"", ""direction artistique""]","[""Chapitre 4"", ""Chapitre 9""]",a_verifier,moyenne,,,,,,,,False
atom,S41-062,sources/hook/atomisation_02_transmission_1978.md,S41-062 — Première apparition télévisée : Granada Reports et « Shadowplay »,S41,Peter Hook,Unknown Pleasures: Inside Joy Division,119-121,fait,"[""Granada Reports"", ""Shadowplay"", ""Tony Wilson"", ""television""]","[""Chapitre 3"", ""Chapitre 5"", ""Chapitre 14""]",verifie,forte,,,,,,,,False
atom,S41-063,sources/hook/atomisation_02_transmission_1978.md,S41-063 — Rob Gretton comme figure maternelle autoritaire,S41,Peter Hook,Unknown Pleasures: Inside Joy Division,120,interpretation,"[""Rob Gretton"", ""management"", ""paternalisme"", ""dependance""]","[""Chapitre 9""]",verifie,moyenne,,,,,,,,False
atom,S41-064,sources/hook/atomisation_02_transmission_1978.md,"S41-064 — Image scénique de Hook : basse basse, jeu aigu",S41,Peter Hook,Unknown Pleasures: Inside Joy Division,121-122,concept,"[""Peter Hook"", ""basse melodique"", ""Paul Simonon"", ""Jean-Jacques Burnel"", ""image scénique""]","[""Chapitre 3"", ""Chapitre 5"", ""Chapitre 14""]",verifie,forte,,,,,,,,False
atom,S41-065,sources/hook/atomisation_02_transmission_1978.md,S41-065 — Huddersfield : concert devant une personne,S41,Peter Hook,Unknown Pleasures: Inside Joy Division,122,anecdote_significative,"[""Coach House"", ""Huddersfield"", ""public absent"", ""perseverance""]","[""Chapitre 9""]",verifie,moyenne,,,,,,,,False
atom,S41-066,sources/hook/atomisation_02_transmission_1978.md,S41-066 — *A Factory Sample* : du club au label,S41,Peter Hook,Unknown Pleasures: Inside Joy Division,122-128,fait,"[""A Factory Sample"", ""Factory Records"", ""FAC 2"", ""Tony Wilson"", ""Roger Eagle"", ""Peter Saville""]","[""Chapitre 5"", ""Chapitre 14""]",verifie,forte,,,,,,,,False
atom,S41-067,sources/hook/atomisation_02_transmission_1978.md,S41-067 — Absence de contrat et idéalisme Factory,S41,Peter Hook,Unknown Pleasures: Inside Joy Division,123-124,interpretation,"[""Factory Records"", ""contrat"", ""idealisme"", ""droits"", ""Digital""]","[""Chapitre 5"", ""Chapitre 14""]",verifie,moyenne,,,,,,,,False
atom,S41-068,sources/hook/atomisation_02_transmission_1978.md,S41-068 — Tony Wilson comme médiateur symbolique,S41,Peter Hook,Unknown Pleasures: Inside Joy Division,123-124,portrait,"[""Tony Wilson"", ""Granada"", ""charisme"", ""legitimite""]","[""Chapitre 5"", ""Chapitre 14""]",verifie,moyenne,,,,,,,,False
atom,S41-069,sources/hook/atomisation_02_transmission_1978.md,S41-069 — Ian Curtis et Tony Wilson : affinité intellectuelle,S41,Peter Hook,Unknown Pleasures: Inside Joy Division,124,interpretation,"[""Ian Curtis"", ""Tony Wilson"", ""Throbbing Gristle"", ""culture musicale"", ""affinite intellectuelle""]","[""Chapitre 4"", ""Chapitre 5""]",verifie,moyenne,,,,,,,,False
atom,S41-070,sources/hook/atomisation_02_transmission_1978.md,S41-070 — Cargo Studios : entrée dans un environnement technique supérieur,S41,Peter Hook,Unknown Pleasures: Inside Joy Division,124-127,contexte_technique,"[""Cargo Studios"", ""John Brierley"", ""Martin Hannett"", ""seize pistes"", ""production""]","[""Chapitre 3"", ""Chapitre 5"", ""Chapitre 7""]",verifie,forte,,,,,,,,False
atom,S41-071,sources/hook/atomisation_02_transmission_1978.md,S41-071 — Martin Hannett : première impression de sorcier technique,S41,Peter Hook,Unknown Pleasures: Inside Joy Division,125-126,portrait,"[""Martin Hannett"", ""producteur"", ""studio"", ""expérimentation""]","[""Chapitre 7"", ""Chapitre 5""]",verifie,moyenne,,,,,,,,False
atom,S41-072,sources/hook/atomisation_02_transmission_1978.md,S41-072 — John Brierley : contrepoint rationnel à Hannett,S41,Peter Hook,Unknown Pleasures: Inside Joy Division,124-126,portrait,"[""John Brierley"", ""Cargo Studios"", ""ingénieur du son"", ""professionnalisme""]","[""Chapitre 7""]",verifie,forte,,,,,,,,False
atom,S41-073,sources/hook/atomisation_02_transmission_1978.md,S41-073 — « Digital » et « Glass » : meilleure captation du groupe à ce stade,S41,Peter Hook,Unknown Pleasures: Inside Joy Division,126-127,fait,"[""Digital"", ""Glass"", ""A Factory Sample"", ""basse"", ""production""]","[""Chapitre 3"", ""Chapitre 5"", ""Chapitre 7""]",verifie,forte,,,,,,,,False
atom,S41-074,sources/hook/atomisation_02_transmission_1978.md,S41-074 — Assemblage matériel de *A Factory Sample*,S41,Peter Hook,Unknown Pleasures: Inside Joy Division,127-128,contexte_materiel,"[""A Factory Sample"", ""Peter Saville"", ""packaging"", ""DIY"", ""Factory""]","[""Chapitre 5"", ""Chapitre 14""]",verifie,forte,,,,,,,,False
atom,S41-075,sources/hook/atomisation_02_transmission_1978.md,S41-075 — Le van de Hook et l’enquête Yorkshire Ripper,S41,Peter Hook,Unknown Pleasures: Inside Joy Division,128-130,anecdote_significative,"[""tournée"", ""Yorkshire Ripper"", ""red-light districts"", ""logistique""]","[""Chapitre 9""]",verifie,moyenne,,,,,,,,False
atom,S41-076,sources/hook/atomisation_02_transmission_1978.md,S41-076 — Tour Rezillos / Undertones : inadéquation d’affiche,S41,Peter Hook,Unknown Pleasures: Inside Joy Division,131-132,fait,"[""Rezillos"", ""Undertones"", ""tournée"", ""power pop"", ""décalage esthétique""]","[""Chapitre 9""]",verifie,forte,,,,,,,,False
atom,S41-077,sources/hook/atomisation_02_transmission_1978.md,S41-077 — Spitting et violence du public punk,S41,Peter Hook,Unknown Pleasures: Inside Joy Division,131-132,contexte_scene,"[""spitting"", ""violence punk"", ""scène"", ""public hostile""]","[""Chapitre 9""]",verifie,moyenne,,,,,,,,False
atom,S41-078,sources/hook/atomisation_02_transmission_1978.md,S41-078 — Éjection de la tournée et confrontation avec Chelsea,S41,Peter Hook,Unknown Pleasures: Inside Joy Division,132,evenement,"[""Chelsea"", ""Gene October"", ""tournée"", ""conflit""]","[""Chapitre 9""]",verifie,moyenne,,,,,,,,False
atom,S41-079,sources/hook/atomisation_02_transmission_1978.md,S41-079 — Hope & Anchor : premier concert londonien décevant,S41,Peter Hook,Unknown Pleasures: Inside Joy Division,132-134,fait,"[""Hope and Anchor"", ""Londres"", ""premier concert londonien"", ""échec""]","[""Chapitre 2"", ""Chapitre 9""]",verifie,forte,,,,,,,,False
atom,S41-080,sources/hook/atomisation_02_transmission_1978.md,S41-080 — Premier signal critique de l’épilepsie de Ian Curtis,S41,Peter Hook,Unknown Pleasures: Inside Joy Division,134-135,fait_sensible,"[""Ian Curtis"", ""epilepsie"", ""Hope and Anchor"", ""crise"", ""santé""]","[""Chapitre 4"", ""Chapitre 6""]",verifie,forte,,,,,,,,False
atom,S41-081,sources/hook/atomisation_02_transmission_1978.md,S41-081 — Timeline 1978 : ossature factuelle de la métamorphose,S41,Peter Hook,Unknown Pleasures: Inside Joy Division,136-142,chronologie,"[""timeline"", 1978, ""Factory"", ""Arrow Studios"", ""A Factory Sample"", ""Granada Reports""]","[""Chapitre 2"", ""Chapitre 3"", ""Chapitre 5"", ""Chapitre 9""]",verifie,forte,,,,,,,,False
atom,S41-135,sources/hook/atomisation_05_closer_phase_terminale_1980.md,S41-135 — Le Moonlight Club : concentration finale de l’énergie live,S41,Peter Hook,Unknown Pleasures: Inside Joy Division,286-291,chronologie_live,"[""Moonlight Club"", ""derniers concerts"", ""setlists"", ""fatigue"", ""Londres""]","[""Chapitre 6"", ""Chapitre 9""]",verifie,forte,,,,,,,,False
atom,S41-136,sources/hook/atomisation_05_closer_phase_terminale_1980.md,S41-136 — 2–4 avril 1980 : crise sur scène après une séquence d’épuisement,S41,Peter Hook,Unknown Pleasures: Inside Joy Division,290-291,fait_sensible,"[""Ian Curtis"", ""epilepsie"", ""épuisement"", ""scène"", ""automutilation""]","[""Chapitre 4"", ""Chapitre 6"", ""Chapitre 9""]",verifie,forte,,,,,,,,False
atom,S41-137,sources/hook/atomisation_05_closer_phase_terminale_1980.md,"S41-137 — Malvern, 5 avril 1980 : trace extérieure d’un Curtis fatigué mais disponible",S41,Peter Hook,Unknown Pleasures: Inside Joy Division,290-291,témoignage_externe,"[""Malvern"", ""Ian Curtis"", ""fatigue"", ""témoignage fan"", ""joydiv.org""]","[""Chapitre 4"", ""Chapitre 9""]",a_verifier,moyenne,,,,,,,,False
atom,S41-138,sources/hook/atomisation_05_closer_phase_terminale_1980.md,S41-138 — 6 avril 1980 : première overdose de Ian Curtis,S41,Peter Hook,Unknown Pleasures: Inside Joy Division,291,fait_sensible,"[""Ian Curtis"", ""overdose"", ""crise suicidaire"", ""avril 1980""]","[""Chapitre 4"", ""Chapitre 6""]",verifie,forte,,,,,,,,False
atom,S41-139,sources/hook/atomisation_05_closer_phase_terminale_1980.md,"S41-139 — Derby Hall, Bury, 8 avril 1980 : concert empêché et émeute",S41,Peter Hook,Unknown Pleasures: Inside Joy Division,291,evenement_live,"[""Derby Hall"", ""Bury"", ""émeute"", ""Ian Curtis"", ""crise du groupe""]","[""Chapitre 6"", ""Chapitre 9""]",verifie,forte,,,,,,,,False
atom,S41-140,sources/hook/atomisation_05_closer_phase_terminale_1980.md,S41-140 — Tony et Lindsay Wilson : refuge temporaire après Bury,S41,Peter Hook,Unknown Pleasures: Inside Joy Division,291,fait_biographique,"[""Ian Curtis"", ""Tony Wilson"", ""Lindsay Wilson"", ""refuge"", ""avril 1980""]","[""Chapitre 4"", ""Chapitre 6""]",verifie,forte,,,,,,,,False
atom,S41-141,sources/hook/atomisation_05_closer_phase_terminale_1980.md,"S41-141 — Ajanta Theatre, Derby, 19 avril 1980 : encore une capacité scénique",S41,Peter Hook,Unknown Pleasures: Inside Joy Division,291-292,chronologie_live,"[""Ajanta Theatre"", ""Derby"", ""derniers concerts"", ""setlist""]","[""Chapitre 6"", ""Chapitre 9""]",verifie,forte,,,,,,,,False
atom,S41-142,sources/hook/atomisation_05_closer_phase_terminale_1980.md,"S41-142 — Birmingham University, 2 mai 1980 : dernier concert officiel",S41,Peter Hook,Unknown Pleasures: Inside Joy Division,292-293,evenement_live,"[""Birmingham University"", ""dernier concert"", ""Still"", ""Ceremony"", ""archive live""]","[""Chapitre 6"", ""Chapitre 9"", ""Chapitre 14""]",verifie,forte,,,,,,,,False
atom,S41-143,sources/hook/atomisation_05_closer_phase_terminale_1980.md,S41-143 — « Ceremony » : morceau de passage vers l’après-Joy Division,S41,Peter Hook,Unknown Pleasures: Inside Joy Division,292-295,morceau_transitionnel,"[""Ceremony"", ""In a Lonely Place"", ""New Order"", ""transition"", ""archive""]","[""Chapitre 6"", ""Chapitre 14""]",a_verifier,moyenne,,,,,,,,False
atom,S41-144,sources/hook/atomisation_05_closer_phase_terminale_1980.md,S41-144 — 18 mai 1980 : suicide de Ian Curtis à la veille de l’Amérique,S41,Peter Hook,Unknown Pleasures: Inside Joy Division,295,fait_sensible,"[""Ian Curtis"", ""suicide"", ""tournée américaine"", ""Cabaret Voltaire"", ""Hurrah's New York""]","[""Chapitre 4"", ""Chapitre 6"", ""Chapitre 10"", ""Chapitre 14""]",verifie,forte,,,,,,,,False
atom,S41-145,sources/hook/atomisation_05_closer_phase_terminale_1980.md,S41-145 — Martin Hannett devait mixer le son live de la tournée américaine,S41,Peter Hook,Unknown Pleasures: Inside Joy Division,295,fait,"[""Martin Hannett"", ""tournée américaine"", ""son live"", ""professionnalisation""]","[""Chapitre 7"", ""Chapitre 9""]",verifie,forte,,,,,,,,False
atom,S41-146,sources/hook/atomisation_05_closer_phase_terminale_1980.md,S41-146 — 23 mai 1980 : crémation et wake Factory,S41,Peter Hook,Unknown Pleasures: Inside Joy Division,295,fait_biographique,"[""Ian Curtis"", ""crémation"", ""Factory"", ""Palatine Road"", ""Sex Pistols""]","[""Chapitre 10"", ""Chapitre 14""]",verifie,forte,,,,,,,,False
atom,S41-147,sources/hook/atomisation_05_closer_phase_terminale_1980.md,S41-147 — 13 juin 1980 : inquest à Macclesfield,S41,Peter Hook,Unknown Pleasures: Inside Joy Division,295,chronologie,"[""Ian Curtis"", ""inquest"", ""Macclesfield"", ""posthume""]","[""Chapitre 10""]",verifie,forte,,,,,,,,False
atom,S41-148,sources/hook/atomisation_05_closer_phase_terminale_1980.md,S41-148 — 27 juin 1980 : sortie de « Love Will Tear Us Apart » en 12 pouces,S41,Peter Hook,Unknown Pleasures: Inside Joy Division,295,discographie,"[""Love Will Tear Us Apart"", ""FAC 23.12"", ""posthume"", ""single""]","[""Chapitre 6"", ""Chapitre 14""]",verifie,forte,,,,,,,,False
atom,S41-149,sources/hook/atomisation_05_closer_phase_terminale_1980.md,S41-149 — 18 juillet 1980 : sortie de *Closer*,S41,Peter Hook,Unknown Pleasures: Inside Joy Division,295-296,discographie,"[""Closer"", ""FACT 25"", ""Martin Hannett"", ""Britannia Row"", ""Peter Saville""]","[""Chapitre 6"", ""Chapitre 7"", ""Chapitre 14""]",verifie,forte,,,,,,,,False
atom,S41-150,sources/hook/atomisation_05_closer_phase_terminale_1980.md,S41-150 — *Closer* : track list comme architecture funéraire,S41,Peter Hook,Unknown Pleasures: Inside Joy Division,295-296,discographie_analysee,"[""Closer"", ""track list"", ""Atrocity Exhibition"", ""Decades"", ""architecture album""]","[""Chapitre 6""]",verifie,forte,,,,,,,,False
atom,S41-151,sources/hook/atomisation_05_closer_phase_terminale_1980.md,S41-151 — FAC 28 : le flexidisc comme compromis après l’abandon du double album,S41,Peter Hook,Unknown Pleasures: Inside Joy Division,296,discographie,"[""FAC 28"", ""Komakino"", ""Incubation"", ""As You Said"", ""flexidisc"", ""Closer""]","[""Chapitre 6"", ""Chapitre 14""]",verifie,forte,,,,,,,,False
atom,S41-152,sources/hook/atomisation_05_closer_phase_terminale_1980.md,S41-152 — Refus du double album,S41,Peter Hook,Unknown Pleasures: Inside Joy Division,296,decision_artistique,"[""Closer"", ""double album"", ""sélection"", ""FAC 28""]","[""Chapitre 6""]",verifie,forte,,,,,,,,False
atom,S41-153,sources/hook/atomisation_05_closer_phase_terminale_1980.md,S41-153 — 2 septembre 1980 : « Atmosphere » / « She’s Lost Control » en 12 pouces,S41,Peter Hook,Unknown Pleasures: Inside Joy Division,296,discographie,"[""Atmosphere"", ""She's Lost Control"", ""FACUS2"", ""posthume"", ""Peter Saville""]","[""Chapitre 5"", ""Chapitre 6"", ""Chapitre 14""]",verifie,forte,,,,,,,,False
atom,S41-154,sources/hook/atomisation_05_closer_phase_terminale_1980.md,S41-154 — *Still* : constitution de l’archive officielle,S41,Peter Hook,Unknown Pleasures: Inside Joy Division,296-297,discographie_posthume,"[""Still"", ""FACT 40"", ""archive"", ""live Birmingham"", ""raretés""]","[""Chapitre 6"", ""Chapitre 14""]",verifie,forte,,,,,,,,False
atom,S41-155,sources/hook/atomisation_05_closer_phase_terminale_1980.md,S41-155 — *Still* : double temporalité studio/live,S41,Peter Hook,Unknown Pleasures: Inside Joy Division,296-297,concept_discographique,"[""Still"", ""studio"", ""live"", ""mémoire"", ""archive composite""]","[""Chapitre 6"", ""Chapitre 14""]",verifie,forte,,,,,,,,False
atom,S41-156,sources/hook/atomisation_05_closer_phase_terminale_1980.md,S41-156 — Bootlegs et incertitudes d’origine documentaire,S41,Peter Hook,Unknown Pleasures: Inside Joy Division,297,note_documentaire,"[""bootlegs"", ""Shadowplay"", ""TJM practice studios"", ""authenticité"", ""archive sonore""]","[""Chapitre 6"", ""Chapitre 14""]",a_verifier,moyenne,,,,,,,,False
atom,S41-082,sources/hook/atomisation_03_unknown_pleasures_1979.md,S41-082 — Le dilemme Genetic / Factory,S41,Peter Hook,Unknown Pleasures: Inside Joy Division,143-154,decision_strategique,"[""Factory Records"", ""Genetic Records"", ""Martin Rushent"", ""Rob Gretton"", ""Manchester vs London""]","[""Chapitre 5"", ""Chapitre 9"", ""Chapitre 14""]",verifie,forte,,,,,,,,False
atom,S41-083,sources/hook/atomisation_03_unknown_pleasures_1979.md,S41-083 — Rob Gretton contre l’avance discographique,S41,Peter Hook,Unknown Pleasures: Inside Joy Division,152-153,interpretation,"[""Rob Gretton"", ""avance"", ""contrat"", ""indépendance"", ""économie musicale""]","[""Chapitre 5"", ""Chapitre 14""]",verifie,forte,,,,,,,,False
atom,S41-084,sources/hook/atomisation_03_unknown_pleasures_1979.md,S41-084 — Manchester contre Londres : géographie de l’indépendance,S41,Peter Hook,Unknown Pleasures: Inside Joy Division,152-153,concept,"[""Manchester"", ""Londres"", ""Factory Records"", ""anti-centralisme"", ""indépendance""]","[""Chapitre 1"", ""Chapitre 5"", ""Chapitre 13""]",verifie,forte,,,,,,,,False
atom,S41-085,sources/hook/atomisation_03_unknown_pleasures_1979.md,S41-085 — La contradiction sociale du refus de Genetic,S41,Peter Hook,Unknown Pleasures: Inside Joy Division,152-153,tension,"[""travail salarié"", ""epilepsy"", ""Ian Curtis"", ""indépendance"", ""Rob Gretton""]","[""Chapitre 4"", ""Chapitre 5""]",verifie,moyenne,,,,,,,,False
atom,S41-086,sources/hook/atomisation_03_unknown_pleasures_1979.md,S41-086 — Martin Rushent et la tentation d’une captation plus directe,S41,Peter Hook,Unknown Pleasures: Inside Joy Division,153-156,contexte_technique,"[""Martin Rushent"", ""Genetic demos"", ""Eden Studios"", ""production directe"", ""live sound""]","[""Chapitre 3"", ""Chapitre 5""]",verifie,forte,,,,,,,,False
atom,S41-087,sources/hook/atomisation_03_unknown_pleasures_1979.md,S41-087 — Les « Genetic demos » comme bifurcation fantôme,S41,Peter Hook,Unknown Pleasures: Inside Joy Division,153-156,concept,"[""Genetic demos"", ""bifurcation"", ""alternative sonore"", ""Martin Rushent"", ""Martin Hannett""]","[""Chapitre 3"", ""Chapitre 5"", ""Chapitre 14""]",verifie,forte,,,,,,,,False
atom,S41-088,sources/hook/atomisation_03_unknown_pleasures_1979.md,S41-088 — L’anecdote des autoradios : persistance du registre scally,S41,Peter Hook,Unknown Pleasures: Inside Joy Division,153-154,anecdote_significative,"[""Martin Rushent"", ""vol"", ""humour"", ""culture ouvrière"", ""scally""]","[""Chapitre 2"", ""Chapitre 9""]",verifie,moyenne,,,,,,,,False
atom,S41-089,sources/hook/atomisation_03_unknown_pleasures_1979.md,S41-089 — Factory comme liberté musicale complète,S41,Peter Hook,Unknown Pleasures: Inside Joy Division,152-157,decision_strategique,"[""Factory Records"", ""liberté artistique"", ""Tony Wilson"", ""Rob Gretton"", ""indépendance""]","[""Chapitre 5"", ""Chapitre 14""]",verifie,forte,,,,,,,,False
atom,S41-090,sources/hook/atomisation_03_unknown_pleasures_1979.md,S41-090 — L’accord Factory : partage plus que contrat traditionnel,S41,Peter Hook,Unknown Pleasures: Inside Joy Division,156-158,contexte_juridico_economique,"[""Factory Records"", ""split"", ""contrat"", ""Tony Wilson"", ""droits""]","[""Chapitre 5"", ""Chapitre 14""]",a_verifier,moyenne,,,,,,,,False
atom,S41-091,sources/hook/atomisation_03_unknown_pleasures_1979.md,S41-091 — Préparation de *Unknown Pleasures* : passer de la scène au studio,S41,Peter Hook,Unknown Pleasures: Inside Joy Division,158-162,transition,"[""Unknown Pleasures"", ""Strawberry Studios"", ""live vs studio"", ""Martin Hannett""]","[""Chapitre 3"", ""Chapitre 5"", ""Chapitre 7""]",verifie,forte,,,,,,,,False
atom,S41-092,sources/hook/atomisation_03_unknown_pleasures_1979.md,S41-092 — Strawberry Studios : infrastructure technique du seuil esthétique,S41,Peter Hook,Unknown Pleasures: Inside Joy Division,158-163,contexte_technique,"[""Strawberry Studios"", ""Stockport"", ""10cc"", ""studio"", ""AMS delay""]","[""Chapitre 3"", ""Chapitre 5"", ""Chapitre 7""]",verifie,forte,,,,,,,,False
atom,S41-093,sources/hook/atomisation_03_unknown_pleasures_1979.md,S41-093 — Hannett contre le groupe : le malentendu fondateur,S41,Peter Hook,Unknown Pleasures: Inside Joy Division,160-166,conflit_esthetique,"[""Martin Hannett"", ""Unknown Pleasures"", ""production"", ""espace sonore"", ""frustration du groupe""]","[""Chapitre 3"", ""Chapitre 5"", ""Chapitre 7""]",verifie,forte,,,,,,,,False
atom,S41-094,sources/hook/atomisation_03_unknown_pleasures_1979.md,S41-094 — La batterie de Stephen Morris comme matériau de laboratoire,S41,Peter Hook,Unknown Pleasures: Inside Joy Division,160-168,production,"[""Stephen Morris"", ""batterie"", ""Martin Hannett"", ""studio"", ""répétition""]","[""Chapitre 3"", ""Chapitre 5"", ""Chapitre 7""]",verifie,forte,,,,,,,,False
atom,S41-095,sources/hook/atomisation_03_unknown_pleasures_1979.md,S41-095 — Hannett et la production comme dénaturalisation du groupe,S41,Peter Hook,Unknown Pleasures: Inside Joy Division,160-170,concept,"[""Martin Hannett"", ""dénaturalisation"", ""post-punk"", ""production sonore"", ""studio comme instrument""]","[""Chapitre 3"", ""Chapitre 5"", ""Chapitre 7""]",verifie,forte,,,,,,,,False
atom,S41-096,sources/hook/atomisation_03_unknown_pleasures_1979.md,S41-096 — Le refus initial de Hook face au son de *Unknown Pleasures*,S41,Peter Hook,Unknown Pleasures: Inside Joy Division,166-170,reception_interne,"[""Unknown Pleasures"", ""réception interne"", ""Peter Hook"", ""Martin Hannett"", ""son live""]","[""Chapitre 5"", ""Chapitre 7""]",verifie,forte,,,,,,,,False
atom,S41-097,sources/hook/atomisation_03_unknown_pleasures_1979.md,S41-097 — La grandeur rétrospective de l’erreur perçue,S41,Peter Hook,Unknown Pleasures: Inside Joy Division,166-171,interpretation_retrospective,"[""Unknown Pleasures"", ""réception différée"", ""canonisation"", ""Martin Hannett""]","[""Chapitre 5"", ""Chapitre 14""]",verifie,forte,,,,,,,,False
atom,S41-098,sources/hook/atomisation_03_unknown_pleasures_1979.md,S41-098 — Peter Saville et la pochette : image froide pour son froid,S41,Peter Hook,Unknown Pleasures: Inside Joy Division,171-176,esthétique_visuelle,"[""Peter Saville"", ""Unknown Pleasures"", ""pochette"", ""pulsar"", ""design Factory""]","[""Chapitre 5"", ""Chapitre 14""]",verifie,forte,,,,,,,,False
atom,S41-099,sources/hook/atomisation_03_unknown_pleasures_1979.md,S41-099 — *Unknown Pleasures* : sortie sans emballement commercial immédiat,S41,Peter Hook,Unknown Pleasures: Inside Joy Division,176-180,reception,"[""Unknown Pleasures"", ""sortie disque"", ""réception critique"", ""ventes"", ""Factory""]","[""Chapitre 5"", ""Chapitre 14""]",a_verifier,moyenne,,,,,,,,False
atom,S41-100,sources/hook/atomisation_03_unknown_pleasures_1979.md,S41-100 — La critique comme confirmation extérieure,S41,Peter Hook,Unknown Pleasures: Inside Joy Division,176-181,reception,"[""critique musicale"", ""NME"", ""Paul Morley"", ""réception"", ""canonisation""]","[""Chapitre 5"", ""Chapitre 14""]",a_verifier,moyenne,,,,,,,,False
atom,S41-101,sources/hook/atomisation_03_unknown_pleasures_1979.md,S41-101 — « She’s Lost Control » : entre observation professionnelle et résonance biographique,S41,Peter Hook,Unknown Pleasures: Inside Joy Division,180-184,chanson_contexte,"[""She's Lost Control"", ""Ian Curtis"", ""epilepsie"", ""travail social"", ""perte de contrôle""]","[""Chapitre 4"", ""Chapitre 5"", ""Chapitre 11""]",a_verifier,moyenne,,,,,,,,False
atom,S41-102,sources/hook/atomisation_03_unknown_pleasures_1979.md,S41-102 — La scène comme aggravateur physique,S41,Peter Hook,Unknown Pleasures: Inside Joy Division,181-188,fait_sensible,"[""Ian Curtis"", ""epilepsie"", ""concerts"", ""fatigue"", ""stroboscopes""]","[""Chapitre 4"", ""Chapitre 6"", ""Chapitre 9""]",a_verifier,moyenne,,,,,,,,False
atom,S41-103,sources/hook/atomisation_03_unknown_pleasures_1979.md,S41-103 — Le groupe face à la maladie : incompréhension et minimisation,S41,Peter Hook,Unknown Pleasures: Inside Joy Division,181-188,interpretation_sensible,"[""Ian Curtis"", ""epilepsie"", ""masculinité"", ""ignorance"", ""groupe""]","[""Chapitre 4"", ""Chapitre 6""]",a_verifier,fragile,,,,,,,,False
atom,S41-104,sources/hook/atomisation_03_unknown_pleasures_1979.md,S41-104 — Live : le décalage entre puissance scénique et image studio,S41,Peter Hook,Unknown Pleasures: Inside Joy Division,188-196,concept,"[""live sound"", ""Unknown Pleasures"", ""public"", ""intensité scénique"", ""post-punk""]","[""Chapitre 5"", ""Chapitre 9""]",verifie,forte,,,,,,,,False
atom,S41-105,sources/hook/atomisation_03_unknown_pleasures_1979.md,S41-105 — La tournée comme apprentissage accéléré,S41,Peter Hook,Unknown Pleasures: Inside Joy Division,188-198,contexte_scene,"[""tournée"", ""apprentissage"", ""public"", ""discipline scénique""]","[""Chapitre 9""]",verifie,moyenne,,,,,,,,False
atom,S41-106,sources/hook/atomisation_03_unknown_pleasures_1979.md,S41-106 — Rob Gretton comme pare-chocs contre l’industrie,S41,Peter Hook,Unknown Pleasures: Inside Joy Division,188-200,portrait_fonctionnel,"[""Rob Gretton"", ""industrie musicale"", ""protection"", ""management"", ""conflit""]","[""Chapitre 5"", ""Chapitre 9"", ""Chapitre 14""]",verifie,forte,,,,,,,,False
atom,S41-107,sources/hook/atomisation_03_unknown_pleasures_1979.md,S41-107 — Les débuts de la mythologie Curtis sur scène,S41,Peter Hook,Unknown Pleasures: Inside Joy Division,190-200,reception_scene,"[""Ian Curtis"", ""performance"", ""danse"", ""possession"", ""mythe""]","[""Chapitre 4"", ""Chapitre 9"", ""Chapitre 14""]",a_verifier,moyenne,,,,,,,,False
atom,S41-108,sources/hook/atomisation_03_unknown_pleasures_1979.md,S41-108 — La photographie et l’image publique du groupe,S41,Peter Hook,Unknown Pleasures: Inside Joy Division,190-204,esthétique_visuelle,"[""Kevin Cummins"", ""photographie"", ""image publique"", ""Factory"", ""noir et blanc""]","[""Chapitre 5"", ""Chapitre 13"", ""Chapitre 14""]",a_verifier,moyenne,,,,,,,,False
atom,S41-109,sources/hook/atomisation_03_unknown_pleasures_1979.md,S41-109 — Le succès indépendant comme reconnaissance sans sécurité,S41,Peter Hook,Unknown Pleasures: Inside Joy Division,198-204,contexte_economique,"[""succès indépendant"", ""Factory Records"", ""travail salarié"", ""reconnaissance"", ""précarité""]","[""Chapitre 5"", ""Chapitre 9""]",a_verifier,moyenne,,,,,,,,False
atom,S41-110,sources/hook/atomisation_03_unknown_pleasures_1979.md,S41-110 — Fin du segment : avant le commentaire piste par piste,S41,Peter Hook,Unknown Pleasures: Inside Joy Division,207-208,transition,"[""Unknown Pleasures Track by Track"", ""commentaire rétrospectif"", ""album""]","[""Chapitre 5""]",verifie,forte,,,,,,,,False
atom,S41-001,sources/hook/source.md,S41-001 — Le témoignage comme mémoire explicitement incertaine,S41,Peter Hook,Unknown Pleasures: Inside Joy Division,10-11,note_methodologique,"[""mémoire"", ""contradiction"", ""source primaire""]","[""Tous chapitres""]",consolide,forte,,,,,,,,True
atom,S41-002,sources/hook/source.md,S41-002 — Premier concert sous le nom Joy Division : chaos fondateur,S41,Peter Hook,Unknown Pleasures: Inside Joy Division,12-15,fait,"[""premier concert"", ""Joy Division"", ""violence scénique"", ""amateurisme""]","[""Chapitre 2"", ""Chapitre 9""]",verifie,moyenne,,,,,,,,False
atom,S41-003,sources/hook/source.md,S41-003 — Origine du nom Joy Division et référence à *House of Dolls*,S41,Peter Hook,Unknown Pleasures: Inside Joy Division,12-13,fait,"[""House of Dolls"", ""nom du groupe"", ""provocation punk"", ""nazisme""]","[""Chapitre 2"", ""Chapitre 11"", ""Chapitre 14""]",verifie,forte,,,,,,,,False
atom,S41-004,sources/hook/source.md,S41-004 — Kraftwerk comme musique d’entrée et indice de déplacement esthétique,S41,Peter Hook,Unknown Pleasures: Inside Joy Division,13-14,fait,"[""Kraftwerk"", ""Trans-Europe Express"", ""modernisme sonore"", ""Ian Curtis""]","[""Chapitre 3"", ""Chapitre 5""]",verifie,moyenne,,,,,,,,False
atom,S41-005,sources/hook/source.md,"S41-005 — Enfance de Hook : Salford, violence domestique et monde ouvrier",S41,Peter Hook,Unknown Pleasures: Inside Joy Division,17-18,contexte_social,"[""Salford"", ""classe ouvriere"", ""violence domestique"", ""enfance""]","[""Chapitre 1"", ""Chapitre 2""]",verifie,moyenne,,,,,,,,False
atom,S41-006,sources/hook/source.md,"S41-006 — Salford comme paysage noir, humide, smoggy",S41,Peter Hook,Unknown Pleasures: Inside Joy Division,17-18,concept,"[""Salford"", ""paysage industriel"", ""mémoire visuelle"", ""noir et blanc""]","[""Chapitre 1"", ""Chapitre 13""]",verifie,forte,,,,,,,,False
atom,S41-007,sources/hook/source.md,S41-007 — Jamaïque : rupture chromatique dans la mémoire de Hook,S41,Peter Hook,Unknown Pleasures: Inside Joy Division,19-23,contexte_biographique,"[""Jamaica"", ""contraste sensoriel"", ""couleur"", ""retour a Salford""]","[""Chapitre 2""]",verifie,moyenne,,,,,,,,False
atom,S41-008,sources/hook/source.md,S41-008 — Rencontre avec Bernard Sumner à Salford Grammar School,S41,Peter Hook,Unknown Pleasures: Inside Joy Division,23-24,fait,"[""Bernard Sumner"", ""Salford Grammar School"", ""amitie""]","[""Chapitre 2""]",verifie,forte,,,,,,,,False
atom,S41-009,sources/hook/source.md,S41-009 — Délinquance adolescente et logique de classe,S41,Peter Hook,Unknown Pleasures: Inside Joy Division,24-26,contexte_social,"[""classe ouvriere"", ""vol"", ""masculin populaire"", ""Salford""]","[""Chapitre 1"", ""Chapitre 2""]",verifie,moyenne,,,,,,,,False
atom,S41-010,sources/hook/source.md,S41-010 — Destruction d’Ordsall et relogement forcé,S41,Peter Hook,Unknown Pleasures: Inside Joy Division,35-36,fait,"[""Ordsall"", ""slum clearance"", ""renovation urbaine"", ""wasteland""]","[""Chapitre 1"", ""Chapitre 13""]",verifie,forte,,,,,,,,False
atom,S41-011,sources/hook/source.md,S41-011 — Ellor Street comme contre-utopie moderniste,S41,Peter Hook,Unknown Pleasures: Inside Joy Division,35-36,concept,"[""urbanisme brutaliste"", ""concrete wasteland"", ""relogement"", ""Salford""]","[""Chapitre 1"", ""Chapitre 13""]",verifie,forte,,,,,,,,False
atom,S41-012,sources/hook/source.md,"S41-012 — Premières fascinations musicales : *Top of the Pops*, reggae, Cockney Rebel",S41,Peter Hook,Unknown Pleasures: Inside Joy Division,37-39,contexte_musical,"[""culture pop"", ""Top of the Pops"", ""reggae"", ""Cockney Rebel""]","[""Chapitre 2""]",verifie,forte,,,,,,,,False
atom,S41-013,sources/hook/source.md,S41-013 — Lecture de la presse musicale et découverte des Sex Pistols,S41,Peter Hook,Unknown Pleasures: Inside Joy Division,39-40,fait,"[""Sex Pistols"", ""presse musicale"", ""Melody Maker"", ""identification sociale""]","[""Chapitre 2""]",verifie,forte,,,,,,,,False
atom,S41-014,sources/hook/source.md,"S41-014 — Lesser Free Trade Hall, 4 juin 1976 : mythe et expérience vécue",S41,Peter Hook,Unknown Pleasures: Inside Joy Division,47-50,fait,"[""Lesser Free Trade Hall"", ""Sex Pistols"", ""scene mancunienne"", ""mythe fondateur""]","[""Chapitre 2"", ""Chapitre 14""]",verifie,forte,,,,,,,,False
atom,S41-015,sources/hook/source.md,S41-015 — Le punk comme double injonction : pouvoir faire et devoir faire,S41,Peter Hook,Unknown Pleasures: Inside Joy Division,49-50,concept,"[""punk"", ""DIY"", ""vocation"", ""autorisation""]","[""Chapitre 2""]",verifie,forte,,,,,,,,False
atom,S41-016,sources/hook/source.md,S41-016 — Formation du groupe dès le retour du concert,S41,Peter Hook,Unknown Pleasures: Inside Joy Division,51-52,fait,"[""formation du groupe"", ""DIY"", ""basse"", ""apprentissage""]","[""Chapitre 2""]",verifie,forte,,,,,,,,False
atom,S41-017,sources/hook/source.md,S41-017 — Achat de la première basse chez Mazel’s,S41,Peter Hook,Unknown Pleasures: Inside Joy Division,51-52,fait,"[""basse"", ""Mazel Radio"", ""apprentissage autodidacte"", ""contrainte materielle""]","[""Chapitre 2"", ""Chapitre 3""]",verifie,forte,,,,,,,,False
atom,S41-018,sources/hook/source.md,S41-018 — Apprendre « mal » : naissance d’un style mélodique,S41,Peter Hook,Unknown Pleasures: Inside Joy Division,52,concept,"[""basse melodique"", ""apprentissage autodidacte"", ""erreur productive"", ""style instrumental""]","[""Chapitre 3"", ""Chapitre 5""]",verifie,forte,,,,,,,,False
atom,S41-019,sources/hook/source.md,S41-019 — Répétitions dans le salon de la grand-mère de Sumner,S41,Peter Hook,Unknown Pleasures: Inside Joy Division,52-53,fait,"[""repetition"", ""bricolage"", ""DIY"", ""bruit""]","[""Chapitre 2""]",verifie,moyenne,,,,,,,,False
atom,S41-020,sources/hook/source.md,S41-020 — Deuxième concert des Sex Pistols : constitution de la scène punk locale,S41,Peter Hook,Unknown Pleasures: Inside Joy Division,53-55,fait,"[""Sex Pistols"", ""Buzzcocks"", ""Slaughter and the Dogs"", ""Manchester punk""]","[""Chapitre 2""]",verifie,forte,,,,,,,,False
atom,S41-021,sources/hook/source.md,S41-021 — Première impression d’Ian Curtis : le manteau « Hate »,S41,Peter Hook,Unknown Pleasures: Inside Joy Division,55-58,fait,"[""Ian Curtis"", ""Electric Circus"", ""punk identity"", ""Hate""]","[""Chapitre 2"", ""Chapitre 4""]",verifie,moyenne,,,,,,,,False
atom,S41-022,sources/hook/source.md,S41-022 — Recrutement d’Ian Curtis,S41,Peter Hook,Unknown Pleasures: Inside Joy Division,58-60,fait,"[""Ian Curtis"", ""recrutement"", ""Stiff Kittens"", ""Warsaw""]","[""Chapitre 2"", ""Chapitre 4""]",a_verifier,moyenne,,,,,,,,False
atom,S41-023,sources/hook/source.md,S41-023 — Terry Mason : membre fondateur périphérique,S41,Peter Hook,Unknown Pleasures: Inside Joy Division,61-62,portrait,"[""Terry Mason"", ""entourage"", ""roadie"", ""amitie""]","[""Chapitre 2"", ""Chapitre 9""]",verifie,moyenne,,,,,,,,False
atom,S41-024,sources/hook/source.md,S41-024 — Découverte accidentelle de la distorsion,S41,Peter Hook,Unknown Pleasures: Inside Joy Division,62,fait,"[""distorsion"", ""experimentation"", ""WEM"", ""son""]","[""Chapitre 3""]",verifie,moyenne,,,,,,,,False
atom,S41-025,sources/hook/source.md,"S41-025 — Premières paroles : Hook écrit, Curtis transcende",S41,Peter Hook,Unknown Pleasures: Inside Joy Division,63-64,interpretation,"[""paroles"", ""Ian Curtis"", ""ecriture"", ""subjectivite""]","[""Chapitre 4"", ""Chapitre 11""]",verifie,moyenne,,,,,,,,False
atom,S41-026,sources/hook/source.md,S41-026 — Ian Curtis comme « people pleaser » et pluralité des personas,S41,Peter Hook,Unknown Pleasures: Inside Joy Division,63-64,interpretation,"[""Ian Curtis"", ""persona"", ""fragmentation"", ""vie conjugale""]","[""Chapitre 4"", ""Chapitre 11""]",a_verifier,fragile,,,,,,,,False
atom,S41-027,sources/hook/source.md,S41-027 — Arrivée de Stephen Morris : puissance et texture,S41,Peter Hook,Unknown Pleasures: Inside Joy Division,77-79,fait,"[""Stephen Morris"", ""batterie"", ""section rythmique"", ""texture""]","[""Chapitre 2"", ""Chapitre 3""]",verifie,forte,,,,,,,,False
atom,S41-028,sources/hook/source.md,S41-028 — Le groupe comme archipel : Curtis comme force d’agrégation,S41,Peter Hook,Unknown Pleasures: Inside Joy Division,78-79,interpretation,"[""dynamique interne"", ""Ian Curtis"", ""cohesion"", ""conflits""]","[""Chapitre 4"", ""Chapitre 9""]",verifie,moyenne,,,,,,,,False
atom,S41-029,sources/hook/source.md,S41-029 — Premiers concerts hors Manchester : Eric’s et Middlesbrough,S41,Peter Hook,Unknown Pleasures: Inside Joy Division,80-82,fait,"[""concerts"", ""Eric's Liverpool"", ""Middlesbrough"", ""public hostile""]","[""Chapitre 2"", ""Chapitre 9""]",verifie,forte,,,,,,,,False
atom,S41-030,sources/hook/source.md,S41-030 — Electric Circus : fin d’un lieu et entrée dans l’archive discographique,S41,Peter Hook,Unknown Pleasures: Inside Joy Division,81-83,fait,"[""Electric Circus"", ""Short Circuit"", ""Virgin Records"", ""At a Later Date""]","[""Chapitre 2"", ""Chapitre 9""]",verifie,forte,,,,,,,,False
atom,S41-031,sources/hook/source.md,S41-031 — *An Ideal for Living* : choix DIY et dette bancaire,S41,Peter Hook,Unknown Pleasures: Inside Joy Division,85-90,fait,"[""An Ideal for Living"", ""DIY"", ""autoproduction"", ""dette""]","[""Chapitre 2"", ""Chapitre 3""]",verifie,forte,,,,,,,,False
atom,S41-032,sources/hook/source.md,S41-032 — *An Ideal for Living* : mauvais pressage et apprentissage technique,S41,Peter Hook,Unknown Pleasures: Inside Joy Division,87-90,fait,"[""pressage"", ""erreur technique"", ""An Ideal for Living"", ""apprentissage""]","[""Chapitre 2"", ""Chapitre 3""]",verifie,forte,,,,,,,,False
atom,S41-033,sources/hook/source.md,S41-033 — *No Love Lost* et *House of Dolls*,S41,Peter Hook,Unknown Pleasures: Inside Joy Division,86-87,fait,"[""No Love Lost"", ""House of Dolls"", ""paroles"", ""Ian Curtis""]","[""Chapitre 2"", ""Chapitre 11""]",verifie,forte,,,,,,,,False
atom,S41-034,sources/hook/source.md,S41-034 — Pochette de *An Ideal for Living* et imagerie nazie,S41,Peter Hook,Unknown Pleasures: Inside Joy Division,87-94,controverse,"[""An Ideal for Living"", ""imagerie nazie"", ""provocation punk"", ""antifascisme""]","[""Chapitre 2"", ""Chapitre 14""]",verifie,forte,,,,,,,,False
atom,S41-035,sources/hook/source.md,S41-035 — *Warsaw* devient Joy Division,S41,Peter Hook,Unknown Pleasures: Inside Joy Division,91-93,fait,"[""Warsaw"", ""Warsaw Pakt"", ""Joy Division"", ""changement de nom""]","[""Chapitre 2""]",verifie,forte,,,,,,,,False
atom,S41-036,sources/hook/source.md,S41-036 — Naissance du son Joy Division par contrainte d’amplification,S41,Peter Hook,Unknown Pleasures: Inside Joy Division,94-96,concept,"[""basse melodique"", ""contrainte materielle"", ""Sound City"", ""Celestion"", ""son Joy Division""]","[""Chapitre 3"", ""Chapitre 5""]",verifie,forte,,,,,,,,False
atom,S41-037,sources/hook/source.md,S41-037 — T. J. Davidson’s : lieu de cristallisation sonore et visuelle,S41,Peter Hook,Unknown Pleasures: Inside Joy Division,95-96,lieu,"[""TJ Davidson"", ""repetition"", ""Love Will Tear Us Apart"", ""photographie"", ""Manchester""]","[""Chapitre 3"", ""Chapitre 5"", ""Chapitre 9""]",verifie,forte,,,,,,,,False
atom,S41-038,sources/hook/source.md,S41-038 — Oldham Tower Club : jouer devant personne,S41,Peter Hook,Unknown Pleasures: Inside Joy Division,96-98,anecdote_significative,"[""scène"", ""humiliation"", ""persévérance"", ""public absent""]","[""Chapitre 9""]",verifie,moyenne,,,,,,,,False
atom,S41-039,sources/hook/source.md,S41-039 — Timeline 1976-1977 : ossature chronologique consolidée,S41,Peter Hook,Unknown Pleasures: Inside Joy Division,99-104,chronologie,"[""timeline"", ""Warsaw"", ""Joy Division"", ""concerts""]","[""Chapitre 2"", ""Chapitre 9""]",verifie,forte,,,,,,,,False
atom,S41-111,sources/hook/atomisation_04_unknown_pleasures_track_by_track.md,S41-111 — « Disorder » : basse motrice et chaos contrôlé,S41,Peter Hook,Unknown Pleasures: Inside Joy Division,208-210,analyse_morceau,"[""Disorder"", ""basse melodique"", ""ouverture album"", ""énergie""]","[""Chapitre 3"", ""Chapitre 5""]",verifie,forte,,,,,,,,False
atom,S41-112,sources/hook/atomisation_04_unknown_pleasures_track_by_track.md,S41-112 — « Day of the Lords » : lenteur lourde contre vitesse punk,S41,Peter Hook,Unknown Pleasures: Inside Joy Division,210-212,analyse_morceau,"[""Day of the Lords"", ""lenteur"", ""anti-punk"", ""lourdeur""]","[""Chapitre 3"", ""Chapitre 5"", ""Chapitre 11""]",verifie,forte,,,,,,,,False
atom,S41-113,sources/hook/atomisation_04_unknown_pleasures_track_by_track.md,S41-113 — « Candidate » : espace vide et frustration de Hook,S41,Peter Hook,Unknown Pleasures: Inside Joy Division,212-214,réception_interne,"[""Candidate"", ""Martin Hannett"", ""minimalisme"", ""frustration""]","[""Chapitre 5"", ""Chapitre 7""]",verifie,forte,,,,,,,,False
atom,S41-114,sources/hook/atomisation_04_unknown_pleasures_track_by_track.md,S41-114 — « Insight » : la mélancolie comme architecture,S41,Peter Hook,Unknown Pleasures: Inside Joy Division,214-216,analyse_morceau,"[""Insight"", ""mélancolie"", ""Ian Curtis"", ""texture sonore""]","[""Chapitre 5"", ""Chapitre 11""]",verifie,moyenne,,,,,,,,False
atom,S41-115,sources/hook/atomisation_04_unknown_pleasures_track_by_track.md,S41-115 — « New Dawn Fades » : la basse comme chant secondaire,S41,Peter Hook,Unknown Pleasures: Inside Joy Division,216-219,analyse_morceau,"[""New Dawn Fades"", ""basse melodique"", ""contre-chant"", ""tension""]","[""Chapitre 3"", ""Chapitre 5""]",verifie,forte,,,,,,,,False
atom,S41-116,sources/hook/atomisation_04_unknown_pleasures_track_by_track.md,"S41-116 — « She’s Lost Control » : machine, répétition et panique",S41,Peter Hook,Unknown Pleasures: Inside Joy Division,219-223,analyse_morceau,"[""She's Lost Control"", ""répétition"", ""machine"", ""epilepsie"", ""Stephen Morris""]","[""Chapitre 3"", ""Chapitre 5"", ""Chapitre 11""]",verifie,forte,,,,,,,,False
atom,S41-117,sources/hook/atomisation_04_unknown_pleasures_track_by_track.md,S41-117 — Stephen Morris et la précision quasi-métronomique,S41,Peter Hook,Unknown Pleasures: Inside Joy Division,220-223,portrait_technique,"[""Stephen Morris"", ""précision"", ""batterie"", ""machine humaine""]","[""Chapitre 3"", ""Chapitre 7""]",verifie,forte,,,,,,,,False
atom,S41-118,sources/hook/atomisation_04_unknown_pleasures_track_by_track.md,S41-118 — « Shadowplay » : la ville comme labyrinthe mental,S41,Peter Hook,Unknown Pleasures: Inside Joy Division,223-226,analyse_morceau,"[""Shadowplay"", ""ville"", ""errance"", ""Manchester"", ""géographie émotionnelle""]","[""Chapitre 1"", ""Chapitre 5"", ""Chapitre 13""]",verifie,moyenne,,,,,,,,False
atom,S41-119,sources/hook/atomisation_04_unknown_pleasures_track_by_track.md,S41-119 — « Wilderness » : survivance du punk dans Joy Division,S41,Peter Hook,Unknown Pleasures: Inside Joy Division,226-228,analyse_morceau,"[""Wilderness"", ""punk"", ""agressivité"", ""vitesse""]","[""Chapitre 2"", ""Chapitre 5""]",verifie,forte,,,,,,,,False
atom,S41-120,sources/hook/atomisation_04_unknown_pleasures_track_by_track.md,S41-120 — « Interzone » : héritage Stooges et Velvet Underground,S41,Peter Hook,Unknown Pleasures: Inside Joy Division,228-231,influences,"[""Interzone"", ""Iggy Pop"", ""Velvet Underground"", ""proto-punk""]","[""Chapitre 2"", ""Chapitre 3"", ""Chapitre 5""]",verifie,forte,,,,,,,,False
atom,S41-121,sources/hook/atomisation_04_unknown_pleasures_track_by_track.md,S41-121 — « I Remember Nothing » : disparition et vide final,S41,Peter Hook,Unknown Pleasures: Inside Joy Division,231-234,analyse_morceau,"[""I Remember Nothing"", ""vide"", ""clôture"", ""mémoire""]","[""Chapitre 5"", ""Chapitre 11""]",verifie,moyenne,,,,,,,,False
atom,S41-122,sources/hook/atomisation_04_unknown_pleasures_track_by_track.md,S41-122 — L’album comme unité émotionnelle complète,S41,Peter Hook,Unknown Pleasures: Inside Joy Division,234-236,concept,"[""Unknown Pleasures"", ""album"", ""unité esthétique"", ""continuité émotionnelle""]","[""Chapitre 5""]",verifie,forte,,,,,,,,False
atom,S41-123,sources/hook/atomisation_04_unknown_pleasures_track_by_track.md,S41-123 — Le succès grandissant et l’intensification des tournées,S41,Peter Hook,Unknown Pleasures: Inside Joy Division,236-244,contexte_scene,"[""tournée"", ""succès indépendant"", ""fatigue"", ""Factory""]","[""Chapitre 9"", ""Chapitre 14""]",verifie,moyenne,,,,,,,,False
atom,S41-124,sources/hook/atomisation_04_unknown_pleasures_track_by_track.md,S41-124 — Curtis sur scène : ambiguïté entre performance et crise,S41,Peter Hook,Unknown Pleasures: Inside Joy Division,238-246,fait_sensible,"[""Ian Curtis"", ""danse"", ""epilepsie"", ""performance"", ""ambiguïté""]","[""Chapitre 4"", ""Chapitre 9"", ""Chapitre 11""]",a_verifier,moyenne,,,,,,,,False
atom,S41-125,sources/hook/atomisation_04_unknown_pleasures_track_by_track.md,S41-125 — « Transmission » : le premier hymne collectif,S41,Peter Hook,Unknown Pleasures: Inside Joy Division,246-250,analyse_morceau,"[""Transmission"", ""radio"", ""communication"", ""public""]","[""Chapitre 3"", ""Chapitre 5"", ""Chapitre 11""]",verifie,forte,,,,,,,,False
atom,S41-126,sources/hook/atomisation_04_unknown_pleasures_track_by_track.md,S41-126 — Le paradoxe de la communication chez Joy Division,S41,Peter Hook,Unknown Pleasures: Inside Joy Division,246-251,concept,"[""communication"", ""radio"", ""isolement"", ""public""]","[""Chapitre 11""]",verifie,moyenne,,,,,,,,False
atom,S41-127,sources/hook/atomisation_04_unknown_pleasures_track_by_track.md,S41-127 — « Atmosphere » : rupture émotionnelle majeure,S41,Peter Hook,Unknown Pleasures: Inside Joy Division,252-258,analyse_morceau,"[""Atmosphere"", ""émotion"", ""espace sonore"", ""transcendance""]","[""Chapitre 5"", ""Chapitre 6"", ""Chapitre 11""]",verifie,forte,,,,,,,,False
atom,S41-128,sources/hook/atomisation_04_unknown_pleasures_track_by_track.md,S41-128 — Hannett et l’espace spectral d’« Atmosphere »,S41,Peter Hook,Unknown Pleasures: Inside Joy Division,252-258,production,"[""Martin Hannett"", ""Atmosphere"", ""réverbération"", ""espace""]","[""Chapitre 5"", ""Chapitre 7""]",verifie,forte,,,,,,,,False
atom,S41-129,sources/hook/atomisation_04_unknown_pleasures_track_by_track.md,S41-129 — Le groupe s’éloigne définitivement du punk,S41,Peter Hook,Unknown Pleasures: Inside Joy Division,258-260,transition_esthetique,"[""post-punk"", ""évolution"", ""Atmosphere"", ""Factory""]","[""Chapitre 3"", ""Chapitre 5""]",verifie,forte,,,,,,,,False
atom,S41-130,sources/hook/atomisation_04_unknown_pleasures_track_by_track.md,S41-130 — « Love Will Tear Us Apart » : simplicité pop et tragédie interne,S41,Peter Hook,Unknown Pleasures: Inside Joy Division,260-270,analyse_morceau,"[""Love Will Tear Us Apart"", ""pop"", ""Ian Curtis"", ""séparation"", ""succès""]","[""Chapitre 6"", ""Chapitre 11"", ""Chapitre 14""]",verifie,forte,,,,,,,,False
atom,S41-131,sources/hook/atomisation_04_unknown_pleasures_track_by_track.md,S41-131 — Le paradoxe commercial de « Love Will Tear Us Apart »,S41,Peter Hook,Unknown Pleasures: Inside Joy Division,262-271,réception,"[""Love Will Tear Us Apart"", ""succès commercial"", ""radio"", ""Factory""]","[""Chapitre 6"", ""Chapitre 14""]",verifie,moyenne,,,,,,,,False
atom,S41-132,sources/hook/atomisation_04_unknown_pleasures_track_by_track.md,S41-132 — Ian Curtis : fragmentation croissante,S41,Peter Hook,Unknown Pleasures: Inside Joy Division,270-278,portrait_sensible,"[""Ian Curtis"", ""fragmentation"", ""fatigue"", ""célébrité"", ""epilepsie""]","[""Chapitre 4"", ""Chapitre 6"", ""Chapitre 11""]",a_verifier,fragile,,,,,,,,False
atom,S41-133,sources/hook/atomisation_04_unknown_pleasures_track_by_track.md,S41-133 — La musique devient plus froide à mesure que la situation devient plus chaude,S41,Peter Hook,Unknown Pleasures: Inside Joy Division,270-280,concept,"[""Closer"", ""froideur"", ""tension"", ""contraste émotionnel""]","[""Chapitre 6"", ""Chapitre 11""]",verifie,moyenne,,,,,,,,False
atom,S41-134,sources/hook/atomisation_04_unknown_pleasures_track_by_track.md,S41-134 — Transition vers *Closer*,S41,Peter Hook,Unknown Pleasures: Inside Joy Division,280-285,transition,"[""Closer"", ""évolution sonore"", ""Martin Hannett"", ""synthétiseurs""]","[""Chapitre 6"", ""Chapitre 7""]",verifie,forte,,,,,,,,False
atom,S41-C01,sources/hook/atomisation_06_consolidation_finale.md,S41-C01 — Manchester comme matrice émotionnelle,S41,,,,concept_transversal,"[""Manchester"", ""Salford"", ""destruction urbaine"", ""géographie émotionnelle""]","[""Chapitre 1"", ""Chapitre 13""]",,,,,,,,,,
atom,S41-C02,sources/hook/atomisation_06_consolidation_finale.md,S41-C02 — La basse comme instrument principal de Joy Division,S41,,,,concept_transversal,"[""basse melodique"", ""Peter Hook"", ""structure musicale"", ""contre-chant""]","[""Chapitre 3"", ""Chapitre 5""]",,,,,,,,,,
atom,S41-C03,sources/hook/atomisation_06_consolidation_finale.md,S41-C03 — Martin Hannett comme reconstructeur sonore,S41,,,,concept_transversal,"[""Martin Hannett"", ""studio comme instrument"", ""dénaturalisation sonore"", ""production""]","[""Chapitre 5"", ""Chapitre 7""]",,,,,,,,,,
atom,S41-C04,sources/hook/atomisation_06_consolidation_finale.md,S41-C04 — Rob Gretton comme infrastructure humaine,S41,,,,concept_transversal,"[""Rob Gretton"", ""management"", ""protection"", ""Factory""]","[""Chapitre 5"", ""Chapitre 9"", ""Chapitre 14""]",,,,,,,,,,
atom,S41-C05,sources/hook/atomisation_06_consolidation_finale.md,S41-C05 — Joy Division comme tension entre live et studio,S41,,,,concept_transversal,"[""live"", ""studio"", ""Unknown Pleasures"", ""Hannett""]","[""Chapitre 3"", ""Chapitre 5"", ""Chapitre 9""]",,,,,,,,,,
atom,S41-C06,sources/hook/atomisation_06_consolidation_finale.md,S41-C06 — Ian Curtis : fragmentation progressive,S41,,,,concept_transversal,"[""Ian Curtis"", ""epilepsie"", ""fragmentation"", ""scène"", ""pression""]","[""Chapitre 4"", ""Chapitre 6"", ""Chapitre 11""]",,,,,,,,,,
atom,S41-L01,sources/hook/atomisation_06_consolidation_finale.md,S41-L01 — Mémoire rétrospective reconstruite,S41,,,,limite_source,,,,moyenne,,,,,,,,
atom,S41-L02,sources/hook/atomisation_06_consolidation_finale.md,S41-L02 — Hook comme acteur centralisateur du récit,S41,,,,limite_source,,,,forte,,,,,,,,
atom,S41-L03,sources/hook/atomisation_06_consolidation_finale.md,S41-L03 — Sujet Curtis : forte charge émotionnelle rétrospective,S41,,,,limite_source,,,,forte,,,,,,,,
