kind,id,file,heading,date,statut,lieu,ville,pays,ere,source,url_detail,atomes_lies,notes,place_id,nom_tournee,chronologie_id,setlist
concert,JD-CONCERT-19770529-001,registers/concerts/00_canonical_concerts.md,1977 — Warsaw / Stiff Kittens,1977-05-29,confirme,Electric Circus,Manchester,UK,Warsaw,joydiv.org,https://joydiv.org/c290577.htm,[],Premier concert. Affiche du concert annonce Stiff Kittens ; le groupe joue sous le nom Warsaw.,PLACE-ELECTRIC-CIRCUS,,,
concert,JD-CONCERT-19770531-001,registers/concerts/00_canonical_concerts.md,1977 — Warsaw / Stiff Kittens,1977-05-31,confirme,Rafters,Manchester,UK,Warsaw,joydiv.org,,[],,PLACE-RAFTERS-MANCHESTER,,,
concert,JD-CONCERT-19770603-001,registers/concerts/00_canonical_concerts.md,1977 — Warsaw / Stiff Kittens,1977-06-03,confirme,The Squat,Manchester,UK,Warsaw,joydiv.org,,[],,,,,
concert,JD-CONCERT-19770606-001,registers/concerts/00_canonical_concerts.md,1977 — Warsaw / Stiff Kittens,1977-06-06,confirme,Guild Hall,Newcastle,UK,Warsaw,joydiv.org,,[],,PLACE-NEWCASTLE-GUILDHALL,,,
concert,JD-CONCERT-19770616-001,registers/concerts/00_canonical_concerts.md,1977 — Warsaw / Stiff Kittens,1977-06-16,confirme,The Squat,Manchester,UK,Warsaw,joydiv.org,,[],,,,,
concert,JD-CONCERT-19770625-001,registers/concerts/00_canonical_concerts.md,1977 — Warsaw / Stiff Kittens,1977-06-25,confirme,The Squat,Manchester,UK,Warsaw,joydiv.org,,[],,,,,
concert,JD-CONCERT-19770630-001,registers/concerts/00_canonical_concerts.md,1977 — Warsaw / Stiff Kittens,1977-06-30,confirme,Rafters,Manchester,UK,Warsaw,joydiv.org,,[],,PLACE-RAFTERS-MANCHESTER,,,
concert,JD-CONCERT-19770720-001,registers/concerts/00_canonical_concerts.md,1977 — Warsaw / Stiff Kittens,1977-07-20,confirme,Tiffany's,Leicester,UK,Warsaw,joydiv.org,,[],,PLACE-TIFFANYS-LEICESTER,,,
concert,JD-CONCERT-19770827-001,registers/concerts/00_canonical_concerts.md,1977 — Warsaw / Stiff Kittens,1977-08-27,douteux,Eric's,Liverpool,UK,Warsaw,joydiv.org,,[],Source signale : pas un concert Warsaw — attribution incertaine.,,,,
concert,JD-CONCERT-19770827-002,registers/concerts/00_canonical_concerts.md,1977 — Warsaw / Stiff Kittens,1977-08-27,douteux,Electric Circus,Manchester,UK,Warsaw,joydiv.org,,[],Source signale : date incorrecte — à reverifier.,PLACE-ELECTRIC-CIRCUS,,,
concert,JD-CONCERT-19770914-001,registers/concerts/00_canonical_concerts.md,1977 — Warsaw / Stiff Kittens,1977-09-14,confirme,Rock Garden,Middlesbrough,UK,Warsaw,joydiv.org,,[],,PLACE-ROCK-GARDEN-MIDDLESBROUGH,,,
concert,JD-CONCERT-19770924-001,registers/concerts/00_canonical_concerts.md,1977 — Warsaw / Stiff Kittens,1977-09-24,confirme,Electric Circus,Manchester,UK,Warsaw,joydiv.org,,[],,PLACE-ELECTRIC-CIRCUS,,,
concert,JD-CONCERT-19771002-001,registers/concerts/00_canonical_concerts.md,1977 — Warsaw / Stiff Kittens,1977-10-02,confirme,Electric Circus,Manchester,UK,Warsaw,joydiv.org,,[],Dernier concert au Electric Circus (clôture du club).,PLACE-ELECTRIC-CIRCUS,,,
concert,JD-CONCERT-19771007-001,registers/concerts/00_canonical_concerts.md,1977 — Warsaw / Stiff Kittens,1977-10-07,confirme,Salford College of Technology,Salford,UK,Warsaw,joydiv.org,,[],,PLACE-SALFORD-TECHNICAL-COLLEGE,,,
concert,JD-CONCERT-19771008-001,registers/concerts/00_canonical_concerts.md,1977 — Warsaw / Stiff Kittens,1977-10-08,confirme,Manchester Polytechnic,Manchester,UK,Warsaw,joydiv.org,,[],,,,,
concert,JD-CONCERT-19771013-001,registers/concerts/00_canonical_concerts.md,1977 — Warsaw / Stiff Kittens,1977-10-13,confirme,Rafters,Manchester,UK,Warsaw,joydiv.org,,[],,PLACE-RAFTERS-MANCHESTER,,,
concert,JD-CONCERT-19771019-001,registers/concerts/00_canonical_concerts.md,1977 — Warsaw / Stiff Kittens,1977-10-19,confirme,Pipers,Manchester,UK,Warsaw,joydiv.org,,[],,PLACE-PIPERS-CYPRUS-TAVERN,,,
concert,JD-CONCERT-19771124-001,registers/concerts/00_canonical_concerts.md,1977 — Warsaw / Stiff Kittens,1977-11-24,confirme,Rafters,Manchester,UK,Warsaw,joydiv.org,,[],,PLACE-RAFTERS-MANCHESTER,,,
concert,JD-CONCERT-19771200-001,registers/concerts/00_canonical_concerts.md,1977 — Warsaw / Stiff Kittens,1977-12-00,confirme,Rafters,Manchester,UK,Warsaw,joydiv.org,,[],Date du jour inconnue (décembre 1977).,PLACE-RAFTERS-MANCHESTER,,,
concert,JD-CONCERT-19771231-001,registers/concerts/00_canonical_concerts.md,1977 — Warsaw / Stiff Kittens,1977-12-31,confirme,The Swingin' Apple,Liverpool,UK,Warsaw,joydiv.org,,[],Dernier concert sous le nom Warsaw.,,,,
concert,JD-CONCERT-19780125-001,registers/concerts/00_canonical_concerts.md,1978 — Joy Division,1978-01-25,confirme,Pips Disco,Manchester,UK,Joy Division,joydiv.org,,[],Premier concert sous le nom Joy Division.,PLACE-PIPS,,,
concert,JD-CONCERT-19780328-001,registers/concerts/00_canonical_concerts.md,1978 — Joy Division,1978-03-28,confirme,Rafters,Manchester,UK,Joy Division,joydiv.org,,[],Stiff/Chiswick Challenge ; rencontre Rob Gretton et Tony Wilson.,PLACE-RAFTERS-MANCHESTER,,,
concert,JD-CONCERT-19780407-001,registers/concerts/00_canonical_concerts.md,1978 — Joy Division,1978-04-07,confirme,Good Mood,Halifax,UK,Joy Division,joydiv.org,,[],,,,,
concert,JD-CONCERT-19780414-001,registers/concerts/00_canonical_concerts.md,1978 — Joy Division,1978-04-14,confirme,Rafters,Manchester,UK,Joy Division,joydiv.org,,[],,PLACE-RAFTERS-MANCHESTER,,,
concert,JD-CONCERT-19780520-001,registers/concerts/00_canonical_concerts.md,1978 — Joy Division,1978-05-20,confirme,The Mayflower Club,Manchester,UK,Joy Division,joydiv.org,,[],,,,,
concert,JD-CONCERT-19780609-001,registers/concerts/00_canonical_concerts.md,1978 — Joy Division,1978-06-09,confirme,The Factory I (Russell Club),Manchester,UK,Joy Division,joydiv.org,,[],Premier concert au Factory.,PLACE-RUSSELL-CLUB,,,
concert,JD-CONCERT-19780600-001,registers/concerts/00_canonical_concerts.md,1978 — Joy Division,1978-06-00,confirme,Band on the Wall,Manchester,UK,Joy Division,joydiv.org,,[],Date du jour inconnue (juin 1978).,PLACE-BAND-ON-THE-WALL,,,
concert,JD-CONCERT-19780713-001,registers/concerts/00_canonical_concerts.md,1978 — Joy Division,1978-07-13,confirme,Eric's,Liverpool,UK,Joy Division,joydiv.org,,[],,,,,
concert,JD-CONCERT-19780715-001,registers/concerts/00_canonical_concerts.md,1978 — Joy Division,1978-07-15,confirme,Eric's,Liverpool,UK,Joy Division,joydiv.org,,[],,,,,
concert,JD-CONCERT-19780727-001,registers/concerts/00_canonical_concerts.md,1978 — Joy Division,1978-07-27,confirme,Roots Club,Leeds,UK,Joy Division,joydiv.org,,[],,,,,
concert,JD-CONCERT-19780728-001,registers/concerts/00_canonical_concerts.md,1978 — Joy Division,1978-07-28,confirme,The Factory I,Manchester,UK,Joy Division,joydiv.org,,[],,PLACE-RUSSELL-CLUB,,,
concert,JD-CONCERT-19780820-001,registers/concerts/00_canonical_concerts.md,1978 — Joy Division,1978-08-20,confirme,Royal Standard,Bradford,UK,Joy Division,joydiv.org,,[],,,,,
concert,JD-CONCERT-19780829-001,registers/concerts/00_canonical_concerts.md,1978 — Joy Division,1978-08-29,confirme,Band on the Wall,Manchester,UK,Joy Division,joydiv.org,,[],,PLACE-BAND-ON-THE-WALL,,,
concert,JD-CONCERT-19780904-001,registers/concerts/00_canonical_concerts.md,1978 — Joy Division,1978-09-04,confirme,Band on the Wall,Manchester,UK,Joy Division,joydiv.org,,[],,PLACE-BAND-ON-THE-WALL,,,
concert,JD-CONCERT-19780909-001,registers/concerts/00_canonical_concerts.md,1978 — Joy Division,1978-09-09,confirme,Eric's,Liverpool,UK,Joy Division,joydiv.org,,[],,,,,
concert,JD-CONCERT-19780910-001,registers/concerts/00_canonical_concerts.md,1978 — Joy Division,1978-09-10,confirme,Royal Standard,Bradford,UK,Joy Division,joydiv.org,,[],,,,,
concert,JD-CONCERT-19780920-001,registers/concerts/00_canonical_concerts.md,1978 — Joy Division,1978-09-20,tv,Granada TV Studios — Granada Reports,Manchester,UK,Joy Division,joydiv.org,,[],Captation TV : Shadowplay diffusé dans Granada Reports.,,,,
concert,JD-CONCERT-19780922-001,registers/concerts/00_canonical_concerts.md,1978 — Joy Division,1978-09-22,confirme,Coach House,Huddersfield,UK,Joy Division,joydiv.org,,[],,,,,
concert,JD-CONCERT-19780926-001,registers/concerts/00_canonical_concerts.md,1978 — Joy Division,1978-09-26,confirme,Band on the Wall,Manchester,UK,Joy Division,joydiv.org,,[],,PLACE-BAND-ON-THE-WALL,,,
concert,JD-CONCERT-19781002-001,registers/concerts/00_canonical_concerts.md,1978 — Joy Division,1978-10-02,confirme,Institute of Technology,Bolton,UK,Joy Division,joydiv.org,,[],,PLACE-BOLTON-INSTITUTE-OF-TECHNOLOGY,,,
concert,JD-CONCERT-19781012-001,registers/concerts/00_canonical_concerts.md,1978 — Joy Division,1978-10-12,confirme,Kelly's,Manchester,UK,Joy Division,joydiv.org,,[],,PLACE-KELLYS-MANCHESTER,,,
concert,JD-CONCERT-19781020-001,registers/concerts/00_canonical_concerts.md,1978 — Joy Division,1978-10-20,confirme,The Factory I,Manchester,UK,Joy Division,joydiv.org,,[],,PLACE-RUSSELL-CLUB,,,
concert,JD-CONCERT-19781024-001,registers/concerts/00_canonical_concerts.md,1978 — Joy Division,1978-10-24,confirme,The Fan Club,Leeds,UK,Joy Division,joydiv.org,,[],,PLACE-FAN-CLUB-LEEDS,,,
concert,JD-CONCERT-19781026-001,registers/concerts/00_canonical_concerts.md,1978 — Joy Division,1978-10-26,confirme,Band on the Wall,Manchester,UK,Joy Division,joydiv.org,,[],,PLACE-BAND-ON-THE-WALL,,,
concert,JD-CONCERT-19781027-001,registers/concerts/00_canonical_concerts.md,1978 — Joy Division,1978-10-27,confirme,Apollo Theatre,Manchester,UK,Joy Division,joydiv.org,,[],,PLACE-MANCHESTER-APOLLO,,,
concert,JD-CONCERT-19781104-001,registers/concerts/00_canonical_concerts.md,1978 — Joy Division,1978-11-04,confirme,Eric's,Liverpool,UK,Joy Division,joydiv.org,,[],,,,,
concert,JD-CONCERT-19781112-001,registers/concerts/00_canonical_concerts.md,1978 — Joy Division,1978-11-12,confirme,Apollo Theatre,Manchester,UK,Joy Division,joydiv.org,,[],,PLACE-MANCHESTER-APOLLO,,,
concert,JD-CONCERT-19781114-001,registers/concerts/00_canonical_concerts.md,1978 — Joy Division,1978-11-14,confirme,The Odeon,Canterbury,UK,Joy Division,joydiv.org,,[],,PLACE-ODEON-CANTERBURY,,,
concert,JD-CONCERT-19781115-001,registers/concerts/00_canonical_concerts.md,1978 — Joy Division,1978-11-15,confirme,Brunel University,Uxbridge,UK,Joy Division,joydiv.org,,[],Remplace Reading (Top Rank) annulé.,PLACE-BRUNEL-UNIVERSITY,,,
concert,JD-CONCERT-19781120-001,registers/concerts/00_canonical_concerts.md,1978 — Joy Division,1978-11-20,confirme,Check Inn Club,Altrincham,UK,Joy Division,joydiv.org,,[],,,,,
concert,JD-CONCERT-19781126-001,registers/concerts/00_canonical_concerts.md,1978 — Joy Division,1978-11-26,confirme,The Venue,Manchester,UK,Joy Division,joydiv.org,,[],Remplace plusieurs dates annulées de la mini-tournée nov. 1978.,,,,
concert,JD-CONCERT-19781201-001,registers/concerts/00_canonical_concerts.md,1978 — Joy Division,1978-12-01,confirme,Salford College of Technology,Salford,UK,Joy Division,joydiv.org,,[],,PLACE-SALFORD-TECHNICAL-COLLEGE,,,
concert,JD-CONCERT-19781222-001,registers/concerts/00_canonical_concerts.md,1978 — Joy Division,1978-12-22,confirme,Revolution Club,York,UK,Joy Division,joydiv.org,,[],,,,,
concert,JD-CONCERT-19781227-001,registers/concerts/00_canonical_concerts.md,1978 — Joy Division,1978-12-27,confirme,Hope and Anchor,London,UK,Joy Division,joydiv.org,,[],,,,,
concert,JD-CONCERT-19781115-A01,registers/concerts/00_canonical_concerts.md,1978 — concerts annulés,1978-11-15,annule,Top Rank,Reading,UK,Joy Division,joydiv.org,,,Remplacé par Brunel University Uxbridge.,PLACE-TOP-RANK-READING,,,
concert,JD-CONCERT-19781116-A01,registers/concerts/00_canonical_concerts.md,1978 — concerts annulés,1978-11-16,annule,Metro,Plymouth,UK,Joy Division,joydiv.org,,,,,,,
concert,JD-CONCERT-19781117-A01,registers/concerts/00_canonical_concerts.md,1978 — concerts annulés,1978-11-17,annule,Cardiff University,Cardiff,UK,Joy Division,joydiv.org,,,Pays de Galles.,,,,
concert,JD-CONCERT-19781118-A01,registers/concerts/00_canonical_concerts.md,1978 — concerts annulés,1978-11-18,annule,Southampton University,Southampton,UK,Joy Division,joydiv.org,,,,PLACE-SOUTHAMPTON-UNIVERSITY,,,
concert,JD-CONCERT-19781119-A01,registers/concerts/00_canonical_concerts.md,1978 — concerts annulés,1978-11-19,annule,Locarno,Bristol,UK,Joy Division,joydiv.org,,,,PLACE-LOCARNO-BRISTOL,,,
concert,JD-CONCERT-19781121-A01,registers/concerts/00_canonical_concerts.md,1978 — concerts annulés,1978-11-21,annule,King Georges Hall,Blackburn,UK,Joy Division,joydiv.org,,,,,,,
concert,JD-CONCERT-19781122-A01,registers/concerts/00_canonical_concerts.md,1978 — concerts annulés,1978-11-22,annule,Sheffield Polytechnic,Sheffield,UK,Joy Division,joydiv.org,,,,PLACE-SHEFFIELD-POLYTECHNIC,,,
concert,JD-CONCERT-19781124-A01,registers/concerts/00_canonical_concerts.md,1978 — concerts annulés,1978-11-24,annule,Lancaster University,Lancaster,UK,Joy Division,joydiv.org,,,,,,,
concert,JD-CONCERT-19781125-A01,registers/concerts/00_canonical_concerts.md,1978 — concerts annulés,1978-11-25,annule,Bradford University,Bradford,UK,Joy Division,joydiv.org,,,,,,,
concert,JD-CONCERT-19781126-A01,registers/concerts/00_canonical_concerts.md,1978 — concerts annulés,1978-11-26,annule,Coatham Bowl,Redcar,UK,Joy Division,joydiv.org,,,,,,,
concert,JD-CONCERT-19781127-A01,registers/concerts/00_canonical_concerts.md,1978 — concerts annulés,1978-11-27,annule,St Andrews University,St Andrews,UK,Joy Division,joydiv.org,,,Écosse.,PLACE-ST-ANDREWS-UNIVERSITY,,,
concert,JD-CONCERT-19790112-001,registers/concerts/00_canonical_concerts.md,1979 — Joy Division,1979-01-12,confirme,Wythenshawe College,Manchester,UK,Joy Division,joydiv.org,,[],,,,,
concert,JD-CONCERT-19790126-001,registers/concerts/00_canonical_concerts.md,1979 — Joy Division,1979-01-26,confirme,The Factory I,Manchester,UK,Joy Division,joydiv.org,,[],,PLACE-RUSSELL-CLUB,,,
concert,JD-CONCERT-19790210-001,registers/concerts/00_canonical_concerts.md,1979 — Joy Division,1979-02-10,confirme,Institute of Technology,Bolton,UK,Joy Division,joydiv.org,,[],,PLACE-BOLTON-INSTITUTE-OF-TECHNOLOGY,,,
concert,JD-CONCERT-19790216-001,registers/concerts/00_canonical_concerts.md,1979 — Joy Division,1979-02-16,confirme,Eric's,Liverpool,UK,Joy Division,joydiv.org,,[],,,,,
concert,JD-CONCERT-19790228-001,registers/concerts/00_canonical_concerts.md,1979 — Joy Division,1979-02-28,confirme,Playhouse Theatre,Nottingham,UK,Joy Division,joydiv.org,,[],,PLACE-PLAYHOUSE-THEATRE-NOTTINGHAM,,,
concert,JD-CONCERT-19790301-001,registers/concerts/00_canonical_concerts.md,1979 — Joy Division,1979-03-01,confirme,Hope and Anchor,London,UK,Joy Division,joydiv.org,,[],,,,,
concert,JD-CONCERT-19790304-001,registers/concerts/00_canonical_concerts.md,1979 — Joy Division,1979-03-04,confirme,Marquee,London,UK,Joy Division,joydiv.org,,[],,,,,
concert,JD-CONCERT-19790313-001,registers/concerts/00_canonical_concerts.md,1979 — Joy Division,1979-03-13,confirme,Band on the Wall,Manchester,UK,Joy Division,joydiv.org,,[],,PLACE-BAND-ON-THE-WALL,,,
concert,JD-CONCERT-19790314-001,registers/concerts/00_canonical_concerts.md,1979 — Joy Division,1979-03-14,confirme,Bowdon Vale Youth Club,Altrincham,UK,Joy Division,joydiv.org,,[],,PLACE-BOWDON-VALE-YOUTH-CLUB,,,
concert,JD-CONCERT-19790317-001,registers/concerts/00_canonical_concerts.md,1979 — Joy Division,1979-03-17,confirme,University of Kent,Canterbury,UK,Joy Division,joydiv.org,,[],,PLACE-UNIVERSITY-OF-KENT,,,
concert,JD-CONCERT-19790330-001,registers/concerts/00_canonical_concerts.md,1979 — Joy Division,1979-03-30,confirme,Youth Centre Walthamstow,London,UK,Joy Division,joydiv.org,,[],,,,,
concert,JD-CONCERT-19790406-001,registers/concerts/00_canonical_concerts.md,1979 — Joy Division,1979-04-06,confirme,Actionspace,London,UK,Joy Division,joydiv.org,,[],,PLACE-ACTIONSPACE-LONDON,,,
concert,JD-CONCERT-19790503-001,registers/concerts/00_canonical_concerts.md,1979 — Joy Division,1979-05-03,confirme,Eric's,Liverpool,UK,Joy Division,joydiv.org,,[],,,,,
concert,JD-CONCERT-19790511-001,registers/concerts/00_canonical_concerts.md,1979 — Joy Division,1979-05-11,confirme,The Factory I,Manchester,UK,Joy Division,joydiv.org,,[],,PLACE-RUSSELL-CLUB,,,
concert,JD-CONCERT-19790517-001,registers/concerts/00_canonical_concerts.md,1979 — Joy Division,1979-05-17,confirme,Acklam Hall,London,UK,Joy Division,joydiv.org,,[],,,,,
concert,JD-CONCERT-19790523-001,registers/concerts/00_canonical_concerts.md,1979 — Joy Division,1979-05-23,confirme,Bowdon Vale Youth Club,Altrincham,UK,Joy Division,joydiv.org,,[],,PLACE-BOWDON-VALE-YOUTH-CLUB,,,
concert,JD-CONCERT-19790607-001,registers/concerts/00_canonical_concerts.md,1979 — Joy Division,1979-06-07,confirme,The Fan Club,Leeds,UK,Joy Division,joydiv.org,,[],,PLACE-FAN-CLUB-LEEDS,,,
concert,JD-CONCERT-19790613-001,registers/concerts/00_canonical_concerts.md,1979 — Joy Division,1979-06-13,confirme,The Factory I,Manchester,UK,Joy Division,joydiv.org,,[],,PLACE-RUSSELL-CLUB,,,
concert,JD-CONCERT-19790616-001,registers/concerts/00_canonical_concerts.md,1979 — Joy Division,1979-06-16,confirme,The Odeon,Canterbury,UK,Joy Division,joydiv.org,,[],,PLACE-ODEON-CANTERBURY,,,
concert,JD-CONCERT-19790617-001,registers/concerts/00_canonical_concerts.md,1979 — Joy Division,1979-06-17,confirme,Royalty Theatre,London,UK,Joy Division,joydiv.org,,[],,PLACE-ROYALTY-THEATRE-LONDON,,,
concert,JD-CONCERT-19790619-001,registers/concerts/00_canonical_concerts.md,1979 — Joy Division,1979-06-19,confirme,Lancaster University,Lancaster,UK,Joy Division,joydiv.org,,[],,,,,
concert,JD-CONCERT-19790622-001,registers/concerts/00_canonical_concerts.md,1979 — Joy Division,1979-06-22,confirme,Good Mood,Halifax,UK,Joy Division,joydiv.org,,[],,,,,
concert,JD-CONCERT-19790625-001,registers/concerts/00_canonical_concerts.md,1979 — Joy Division,1979-06-25,confirme,Free Trade Hall,Manchester,UK,Joy Division,joydiv.org,,[],Stuff the Superstars Special.,PLACE-FREE-TRADE-HALL,,,
concert,JD-CONCERT-19790626-001,registers/concerts/00_canonical_concerts.md,1979 — Joy Division,1979-06-26,confirme,Guildhall,Newcastle,UK,Joy Division,joydiv.org,,[],,PLACE-NEWCASTLE-GUILDHALL,,,
concert,JD-CONCERT-19790600-001,registers/concerts/00_canonical_concerts.md,1979 — Joy Division,1979-06-00,confirme,Band on the Wall,Manchester,UK,Joy Division,joydiv.org,,[],Date du jour inconnue (juin 1979).,PLACE-BAND-ON-THE-WALL,,,
concert,JD-CONCERT-19790628-001,registers/concerts/00_canonical_concerts.md,1979 — Joy Division,1979-06-28,confirme,The Factory I,Manchester,UK,Joy Division,joydiv.org,,[],,PLACE-RUSSELL-CLUB,,,
concert,JD-CONCERT-19790703-001,registers/concerts/00_canonical_concerts.md,1979 — Joy Division,1979-07-03,confirme,Free Trade Hall,Manchester,UK,Joy Division,joydiv.org,,[],,PLACE-FREE-TRADE-HALL,,,
concert,JD-CONCERT-19790705-001,registers/concerts/00_canonical_concerts.md,1979 — Joy Division,1979-07-05,confirme,Limit Club,Sheffield,UK,Joy Division,joydiv.org,,[],,PLACE-LIMIT-CLUB-SHEFFIELD,,,
concert,JD-CONCERT-19790711-001,registers/concerts/00_canonical_concerts.md,1979 — Joy Division,1979-07-11,confirme,Roots Club,Leeds,UK,Joy Division,joydiv.org,,[],,,,,
concert,JD-CONCERT-19790713-001,registers/concerts/00_canonical_concerts.md,1979 — Joy Division,1979-07-13,confirme,The Factory I,Manchester,UK,Joy Division,joydiv.org,,[],,PLACE-RUSSELL-CLUB,,,
concert,JD-CONCERT-19790720-001,registers/concerts/00_canonical_concerts.md,1979 — Joy Division,1979-07-20,tv,Granada TV Studios — What's On,Manchester,UK,Joy Division,joydiv.org,,[],Captation TV.,,,,
concert,JD-CONCERT-19790727-001,registers/concerts/00_canonical_concerts.md,1979 — Joy Division,1979-07-27,confirme,Imperial Hotel,Blackpool,UK,Joy Division,joydiv.org,,[],,,,,
concert,JD-CONCERT-19790728-001,registers/concerts/00_canonical_concerts.md,1979 — Joy Division,1979-07-28,confirme,The Mayflower Club,Manchester,UK,Joy Division,joydiv.org,,[],,,,,
concert,JD-CONCERT-19790802-001,registers/concerts/00_canonical_concerts.md,1979 — Joy Division,1979-08-02,confirme,YMCA,London,UK,Joy Division,joydiv.org,,[],,PLACE-YMCA-LONDON,,,
concert,JD-CONCERT-19790808-001,registers/concerts/00_canonical_concerts.md,1979 — Joy Division,1979-08-08,confirme,Romulus Club,Birmingham,UK,Joy Division,joydiv.org,,[],,,,,
concert,JD-CONCERT-19790811-001,registers/concerts/00_canonical_concerts.md,1979 — Joy Division,1979-08-11,confirme,Eric's,Liverpool,UK,Joy Division,joydiv.org,,[],Deux performances le même jour (matinée + soirée).,,,,
concert,JD-CONCERT-19790813-001,registers/concerts/00_canonical_concerts.md,1979 — Joy Division,1979-08-13,confirme,Nashville Rooms,London,UK,Joy Division,joydiv.org,,[],,,,,
concert,JD-CONCERT-19790822-001,registers/concerts/00_canonical_concerts.md,1979 — Joy Division,1979-08-22,confirme,Youth Centre Walthamstow,London,UK,Joy Division,joydiv.org,,[],,,,,
concert,JD-CONCERT-19790827-001,registers/concerts/00_canonical_concerts.md,1979 — Joy Division,1979-08-27,confirme,Open Air Festival,Leigh,UK,Joy Division,joydiv.org,,[],Festival Stuff the Superstars / Zoo-Factory.,,,,
concert,JD-CONCERT-19790831-001,registers/concerts/00_canonical_concerts.md,1979 — Joy Division,1979-08-31,confirme,The Electric Ballroom,London,UK,Joy Division,joydiv.org,,[],,,,,
concert,JD-CONCERT-19790908-001,registers/concerts/00_canonical_concerts.md,1979 — Joy Division,1979-09-08,confirme,Futurama One Festival,Leeds,UK,Joy Division,joydiv.org,,[],« The World's First Science Fiction Music Festival ».,,,,
concert,JD-CONCERT-19790914-001,registers/concerts/00_canonical_concerts.md,1979 — Joy Division,1979-09-14,confirme,Rock Garden,Middlesbrough,UK,Joy Division,joydiv.org,,[],,PLACE-ROCK-GARDEN-MIDDLESBROUGH,,,
concert,JD-CONCERT-19790915-001,registers/concerts/00_canonical_concerts.md,1979 — Joy Division,1979-09-15,tv,BBC2 TV Studios — Something Else,London,UK,Joy Division,joydiv.org,,[],Captation TV : She's Lost Control + Transmission.,,,,
concert,JD-CONCERT-19790922-001,registers/concerts/00_canonical_concerts.md,1979 — Joy Division,1979-09-22,confirme,Nashville Rooms,London,UK,Joy Division,joydiv.org,,[],,,,,
concert,JD-CONCERT-19790928-001,registers/concerts/00_canonical_concerts.md,1979 — Joy Division,1979-09-28,confirme,The Factory I,Manchester,UK,Joy Division,joydiv.org,,[],,PLACE-RUSSELL-CLUB,,,
concert,JD-CONCERT-19790929-001,registers/concerts/00_canonical_concerts.md,1979 — Joy Division,1979-09-29,confirme,The Mayflower,Manchester,UK,Joy Division,joydiv.org,,[],,,,,
concert,JD-CONCERT-19791002-001,registers/concerts/00_canonical_concerts.md,1979 — Tournée Buzzcocks (octobre-novembre 1979),1979-10-02,confirme,Mountford Hall,Liverpool,UK,Joy Division,joydiv.org,,[],Première date de la tournée Buzzcocks (première partie).,PLACE-MOUNTFORD-HALL-LIVERPOOL,Buzzcocks tour,,
concert,JD-CONCERT-19791003-001,registers/concerts/00_canonical_concerts.md,1979 — Tournée Buzzcocks (octobre-novembre 1979),1979-10-03,confirme,Leeds University,Leeds,UK,Joy Division,joydiv.org,,[],,PLACE-LEEDS-UNIVERSITY,Buzzcocks tour,,
concert,JD-CONCERT-19791004-001,registers/concerts/00_canonical_concerts.md,1979 — Tournée Buzzcocks (octobre-novembre 1979),1979-10-04,confirme,City Hall,Newcastle,UK,Joy Division,joydiv.org,,[],,PLACE-NEWCASTLE-CITY-HALL,Buzzcocks tour,,
concert,JD-CONCERT-19791005-001,registers/concerts/00_canonical_concerts.md,1979 — Tournée Buzzcocks (octobre-novembre 1979),1979-10-05,confirme,Apollo,Glasgow,UK,Joy Division,joydiv.org,,[],Écosse.,,Buzzcocks tour,,
concert,JD-CONCERT-19791006-001,registers/concerts/00_canonical_concerts.md,1979 — Tournée Buzzcocks (octobre-novembre 1979),1979-10-06,confirme,Odeon,Edinburgh,UK,Joy Division,joydiv.org,,[],Écosse.,PLACE-ODEON-EDINBURGH,Buzzcocks tour,,
concert,JD-CONCERT-19791007-001,registers/concerts/00_canonical_concerts.md,1979 — Tournée Buzzcocks (octobre-novembre 1979),1979-10-07,confirme,Capitol,Aberdeen,UK,Joy Division,joydiv.org,,[],Écosse.,PLACE-CAPITOL-ABERDEEN,Buzzcocks tour,,
concert,JD-CONCERT-19791008-001,registers/concerts/00_canonical_concerts.md,1979 — Tournée Buzzcocks (octobre-novembre 1979),1979-10-08,confirme,Caird Hall,Dundee,UK,Joy Division,joydiv.org,,[],Écosse.,PLACE-CAIRD-HALL-DUNDEE,Buzzcocks tour,,
concert,JD-CONCERT-19791016-001,registers/concerts/00_canonical_concerts.md,1979 — Tournée Buzzcocks (octobre-novembre 1979),1979-10-16,confirme,Plan K,Brussels,BELGIQUE,Joy Division,joydiv.org,,[],Premier concert hors UK. Rencontre Annik Honoré. Soirée avec William Burroughs.,,,,
concert,JD-CONCERT-19791018-001,registers/concerts/00_canonical_concerts.md,1979 — Tournée Buzzcocks (octobre-novembre 1979),1979-10-18,confirme,Bangor University,Bangor,UK,Joy Division,joydiv.org,,[],Pays de Galles.,,Buzzcocks tour,,
concert,JD-CONCERT-19791020-001,registers/concerts/00_canonical_concerts.md,1979 — Tournée Buzzcocks (octobre-novembre 1979),1979-10-20,confirme,Loughborough University,Loughborough,UK,Joy Division,joydiv.org,,[],,,Buzzcocks tour,,
concert,JD-CONCERT-19791021-001,registers/concerts/00_canonical_concerts.md,1979 — Tournée Buzzcocks (octobre-novembre 1979),1979-10-21,confirme,Top Rank,Sheffield,UK,Joy Division,joydiv.org,,[],,PLACE-TOP-RANK-SHEFFIELD,Buzzcocks tour,,
concert,JD-CONCERT-19791022-001,registers/concerts/00_canonical_concerts.md,1979 — Tournée Buzzcocks (octobre-novembre 1979),1979-10-22,confirme,Assembly Rooms,Derby,UK,Joy Division,joydiv.org,,[],,,Buzzcocks tour,,
concert,JD-CONCERT-19791023-001,registers/concerts/00_canonical_concerts.md,1979 — Tournée Buzzcocks (octobre-novembre 1979),1979-10-23,confirme,King George's Hall,Blackburn,UK,Joy Division,joydiv.org,,[],,,Buzzcocks tour,,
concert,JD-CONCERT-19791024-001,registers/concerts/00_canonical_concerts.md,1979 — Tournée Buzzcocks (octobre-novembre 1979),1979-10-24,confirme,The Odeon,Birmingham,UK,Joy Division,joydiv.org,,[],,PLACE-ODEON-BIRMINGHAM,Buzzcocks tour,,
concert,JD-CONCERT-19791025-001,registers/concerts/00_canonical_concerts.md,1979 — Tournée Buzzcocks (octobre-novembre 1979),1979-10-25,confirme,St George's Hall,Bradford,UK,Joy Division,joydiv.org,,[],,PLACE-ST-GEORGES-HALL-BRADFORD,Buzzcocks tour,,
concert,JD-CONCERT-19791026-001,registers/concerts/00_canonical_concerts.md,1979 — Tournée Buzzcocks (octobre-novembre 1979),1979-10-26,confirme,Electric Ballroom,London,UK,Joy Division,joydiv.org,,[],Hors tournée Buzzcocks.,,,,
concert,JD-CONCERT-19791027-001,registers/concerts/00_canonical_concerts.md,1979 — Tournée Buzzcocks (octobre-novembre 1979),1979-10-27,confirme,Apollo Theatre,Manchester,UK,Joy Division,joydiv.org,,[],,PLACE-MANCHESTER-APOLLO,Buzzcocks tour,,
concert,JD-CONCERT-19791028-001,registers/concerts/00_canonical_concerts.md,1979 — Tournée Buzzcocks (octobre-novembre 1979),1979-10-28,confirme,Apollo Theatre,Manchester,UK,Joy Division,joydiv.org,,[],,PLACE-MANCHESTER-APOLLO,Buzzcocks tour,,
concert,JD-CONCERT-19791029-001,registers/concerts/00_canonical_concerts.md,1979 — Tournée Buzzcocks (octobre-novembre 1979),1979-10-29,confirme,De Montfort Hall,Leicester,UK,Joy Division,joydiv.org,,[],,,Buzzcocks tour,,
concert,JD-CONCERT-19791030-001,registers/concerts/00_canonical_concerts.md,1979 — Tournée Buzzcocks (octobre-novembre 1979),1979-10-30,confirme,New Theatre,Oxford,UK,Joy Division,joydiv.org,,[],,PLACE-NEW-THEATRE-OXFORD,Buzzcocks tour,,
concert,JD-CONCERT-19791101-001,registers/concerts/00_canonical_concerts.md,1979 — Tournée Buzzcocks (octobre-novembre 1979),1979-11-01,confirme,Civic Hall,Guildford,UK,Joy Division,joydiv.org,,[],,,Buzzcocks tour,,
concert,JD-CONCERT-19791102-001,registers/concerts/00_canonical_concerts.md,1979 — Tournée Buzzcocks (octobre-novembre 1979),1979-11-02,confirme,Winter Gardens,Bournemouth,UK,Joy Division,joydiv.org,,[],,,Buzzcocks tour,,
concert,JD-CONCERT-19791104-001,registers/concerts/00_canonical_concerts.md,1979 — Tournée Buzzcocks (octobre-novembre 1979),1979-11-04,confirme,Colston Hall,Bristol,UK,Joy Division,joydiv.org,,[],,,Buzzcocks tour,,
concert,JD-CONCERT-19791105-001,registers/concerts/00_canonical_concerts.md,1979 — Tournée Buzzcocks (octobre-novembre 1979),1979-11-05,confirme,Pavilion,Hemel Hempstead,UK,Joy Division,joydiv.org,,[],,PLACE-PAVILION-HEMEL-HEMPSTEAD,Buzzcocks tour,,
concert,JD-CONCERT-19791107-001,registers/concerts/00_canonical_concerts.md,1979 — Tournée Buzzcocks (octobre-novembre 1979),1979-11-07,confirme,Pavilion,West Runton,UK,Joy Division,joydiv.org,,[],,PLACE-WEST-RUNTON-PAVILION,Buzzcocks tour,,
concert,JD-CONCERT-19791109-001,registers/concerts/00_canonical_concerts.md,1979 — Tournée Buzzcocks (octobre-novembre 1979),1979-11-09,confirme,The Rainbow Theatre,London,UK,Joy Division,joydiv.org,,[],,,Buzzcocks tour,,
concert,JD-CONCERT-19791110-001,registers/concerts/00_canonical_concerts.md,1979 — Tournée Buzzcocks (octobre-novembre 1979),1979-11-10,confirme,The Rainbow Theatre,London,UK,Joy Division,joydiv.org,,[],Dernière date de la tournée Buzzcocks.,,Buzzcocks tour,,
concert,JD-CONCERT-19791208-001,registers/concerts/00_canonical_concerts.md,1979 — fin d'année,1979-12-08,confirme,Eric's,Liverpool,UK,Joy Division,joydiv.org,,[],,,,,
concert,JD-CONCERT-19791218-001,registers/concerts/00_canonical_concerts.md,1979 — fin d'année,1979-12-18,confirme,Les Bains Douches,Paris,FRANCE,Joy Division,joydiv.org,,[],Concert français de référence — bootleg historique.,,,,
concert,JD-CONCERT-19791231-001,registers/concerts/00_canonical_concerts.md,1979 — fin d'année,1979-12-31,confirme,Warehouse,Manchester,UK,Joy Division,joydiv.org,,[],Réveillon.,,,,
concert,JD-CONCERT-19791003-A01,registers/concerts/00_canonical_concerts.md,1979 — concerts annulés,1979-10-03,annule,City Hall,Hull,UK,Joy Division,joydiv.org,,,,,,,
concert,JD-CONCERT-19791010-A01,registers/concerts/00_canonical_concerts.md,1979 — concerts annulés,1979-10-10,annule,Kelly's,Portrush,UK,Joy Division,joydiv.org,,,Irlande du Nord.,,,,
concert,JD-CONCERT-19791011-A01,registers/concerts/00_canonical_concerts.md,1979 — concerts annulés,1979-10-11,annule,Ulster Hall,Belfast,UK,Joy Division,joydiv.org,,,Irlande du Nord.,PLACE-ULSTER-HALL-BELFAST,,,
concert,JD-CONCERT-19791012-A01,registers/concerts/00_canonical_concerts.md,1979 — concerts annulés,1979-10-12,annule,Olympia,Dublin,IRLANDE,Joy Division,joydiv.org,,,,PLACE-OLYMPIA-DUBLIN,,,
concert,JD-CONCERT-19791013-A01,registers/concerts/00_canonical_concerts.md,1979 — concerts annulés,1979-10-13,annule,City Hall,Cork,IRLANDE,Joy Division,joydiv.org,,,,PLACE-CITY-HALL-CORK,,,
concert,JD-CONCERT-19791103-A01,registers/concerts/00_canonical_concerts.md,1979 — concerts annulés,1979-11-03,annule,Sophia Gardens,Cardiff,UK,Joy Division,joydiv.org,,,Pays de Galles.,PLACE-SOPHIA-GARDENS-CARDIFF,,,
concert,JD-CONCERT-19791108-A01,registers/concerts/00_canonical_concerts.md,1979 — concerts annulés,1979-11-08,annule,Marquee Club,London,UK,Joy Division,joydiv.org,,,,,,,
concert,JD-CONCERT-19791128-A01,registers/concerts/00_canonical_concerts.md,1979 — concerts annulés,1979-11-28,annule,Capitol,Aberdeen,UK,Joy Division,joydiv.org,,,Écosse.,PLACE-CAPITOL-ABERDEEN,,,
concert,JD-CONCERT-19791129-A01,registers/concerts/00_canonical_concerts.md,1979 — concerts annulés,1979-11-29,annule,Odeon,Edinburgh,UK,Joy Division,joydiv.org,,,Écosse.,PLACE-ODEON-EDINBURGH,,,
concert,JD-CONCERT-19791207-A01,registers/concerts/00_canonical_concerts.md,1979 — concerts annulés,1979-12-07,annule,Stockport Tech,Stockport,UK,Joy Division,joydiv.org,,,,PLACE-STOCKPORT-COLLEGE,,,
concert,JD-CONCERT-19800111-001,registers/concerts/00_canonical_concerts.md,1980 — Tournée européenne (janvier 1980),1980-01-11,confirme,Paradiso,Amsterdam,PAYS-BAS,Joy Division,joydiv.org,,[],,,European tour January 1980,,
concert,JD-CONCERT-19800112-001,registers/concerts/00_canonical_concerts.md,1980 — Tournée européenne (janvier 1980),1980-01-12,confirme,Paard Van Troje,The Hague,PAYS-BAS,Joy Division,joydiv.org,,[],,PLACE-PAARD-VAN-TROJE-THE-HAGUE,European tour January 1980,,
concert,JD-CONCERT-19800113-001,registers/concerts/00_canonical_concerts.md,1980 — Tournée européenne (janvier 1980),1980-01-13,confirme,Doornroosje,Nijmegen,PAYS-BAS,Joy Division,joydiv.org,,[],,,European tour January 1980,,
concert,JD-CONCERT-19800114-001,registers/concerts/00_canonical_concerts.md,1980 — Tournée européenne (janvier 1980),1980-01-14,confirme,King Kong,Antwerpen,BELGIQUE,Joy Division,joydiv.org,,[],,,European tour January 1980,,
concert,JD-CONCERT-19800115-001,registers/concerts/00_canonical_concerts.md,1980 — Tournée européenne (janvier 1980),1980-01-15,confirme,The Basement,Cologne,ALLEMAGNE,Joy Division,joydiv.org,,[],,,European tour January 1980,,
concert,JD-CONCERT-19800116-001,registers/concerts/00_canonical_concerts.md,1980 — Tournée européenne (janvier 1980),1980-01-16,confirme,Lantaren,Rotterdam,PAYS-BAS,Joy Division,joydiv.org,,[],,PLACE-LANTAREN-ROTTERDAM,European tour January 1980,,
concert,JD-CONCERT-19800117-001,registers/concerts/00_canonical_concerts.md,1980 — Tournée européenne (janvier 1980),1980-01-17,confirme,Plan K,Brussels,BELGIQUE,Joy Division,joydiv.org,,[],,,European tour January 1980,,
concert,JD-CONCERT-19800118-001,registers/concerts/00_canonical_concerts.md,1980 — Tournée européenne (janvier 1980),1980-01-18,confirme,Effenaar,Eindhoven,PAYS-BAS,Joy Division,joydiv.org,,[],,,European tour January 1980,,
concert,JD-CONCERT-19800119-001,registers/concerts/00_canonical_concerts.md,1980 — Tournée européenne (janvier 1980),1980-01-19,confirme,Club Vera,Groningen,PAYS-BAS,Joy Division,joydiv.org,,[],,,European tour January 1980,,
concert,JD-CONCERT-19800121-001,registers/concerts/00_canonical_concerts.md,1980 — Tournée européenne (janvier 1980),1980-01-21,confirme,Kant Kino,Berlin,ALLEMAGNE,Joy Division,joydiv.org,,[],Dernière date de la tournée européenne.,,European tour January 1980,,
concert,JD-CONCERT-19800207-001,registers/concerts/00_canonical_concerts.md,1980 — UK février-mai,1980-02-07,confirme,The Factory II,Manchester,UK,Joy Division,joydiv.org,,[],,,,,
concert,JD-CONCERT-19800208-001,registers/concerts/00_canonical_concerts.md,1980 — UK février-mai,1980-02-08,confirme,University of London Union,London,UK,Joy Division,joydiv.org,,[],,PLACE-UNIVERSITY-OF-LONDON-UNION,,,
concert,JD-CONCERT-19800220-001,registers/concerts/00_canonical_concerts.md,1980 — UK février-mai,1980-02-20,confirme,Town Hall,High Wycombe,UK,Joy Division,joydiv.org,,[],,PLACE-HIGH-WYCOMBE-TOWN-HALL,,,
concert,JD-CONCERT-19800228-001,registers/concerts/00_canonical_concerts.md,1980 — UK février-mai,1980-02-28,confirme,The Warehouse,Preston,UK,Joy Division,joydiv.org,,[],"Concert légendaire, bootleg de référence.",,,,
concert,JD-CONCERT-19800229-001,registers/concerts/00_canonical_concerts.md,1980 — UK février-mai,1980-02-29,confirme,The Lyceum,London,UK,Joy Division,joydiv.org,,[],,,,,
concert,JD-CONCERT-19800305-001,registers/concerts/00_canonical_concerts.md,1980 — UK février-mai,1980-03-05,confirme,Trinity Hall,Bristol,UK,Joy Division,joydiv.org,,[],,,,,
concert,JD-CONCERT-19800402-001,registers/concerts/00_canonical_concerts.md,1980 — UK février-mai,1980-04-02,confirme,The Moonlight Club,London,UK,Joy Division,joydiv.org,,[],Première soirée de la résidence de 3 nuits au Moonlight.,,,,
concert,JD-CONCERT-19800403-001,registers/concerts/00_canonical_concerts.md,1980 — UK février-mai,1980-04-03,confirme,The Moonlight Club,London,UK,Joy Division,joydiv.org,,[],,,,,
concert,JD-CONCERT-19800404-001,registers/concerts/00_canonical_concerts.md,1980 — UK février-mai,1980-04-04,confirme,Rainbow Theatre,London,UK,Joy Division,joydiv.org,,[],Concert en première partie des Stranglers.,,,,
concert,JD-CONCERT-19800404-002,registers/concerts/00_canonical_concerts.md,1980 — UK février-mai,1980-04-04,confirme,The Moonlight Club,London,UK,Joy Division,joydiv.org,,[],"Même soir : 3ᵉ et dernière date de la résidence au Moonlight, après le Rainbow.",,,,
concert,JD-CONCERT-19800405-001,registers/concerts/00_canonical_concerts.md,1980 — UK février-mai,1980-04-05,confirme,Winter Gardens,Malvern,UK,Joy Division,joydiv.org,,[],,PLACE-WINTER-GARDENS-MALVERN,,,
concert,JD-CONCERT-19800408-001,registers/concerts/00_canonical_concerts.md,1980 — UK février-mai,1980-04-08,confirme,Derby Hall,Bury,UK,Joy Division,joydiv.org,,[],Concert chaotique ; Ian Curtis en état critique. Voir CHR-1980-001.,,,CHR-1980-001,
concert,JD-CONCERT-19800411-001,registers/concerts/00_canonical_concerts.md,1980 — UK février-mai,1980-04-11,confirme,The Factory I,Manchester,UK,Joy Division,joydiv.org,,[],,PLACE-RUSSELL-CLUB,,,
concert,JD-CONCERT-19800419-001,registers/concerts/00_canonical_concerts.md,1980 — UK février-mai,1980-04-19,confirme,Ajanta Theatre,Derby,UK,Joy Division,joydiv.org,,[],,PLACE-AJANTA-THEATRE-DERBY,,,
concert,JD-CONCERT-19800426-001,registers/concerts/00_canonical_concerts.md,1980 — UK février-mai,1980-04-26,confirme,Rock Garden,Middlesbrough,UK,Joy Division,joydiv.org,,[],,PLACE-ROCK-GARDEN-MIDDLESBROUGH,,,
concert,JD-CONCERT-19800502-001,registers/concerts/00_canonical_concerts.md,1980 — UK février-mai,1980-05-02,confirme,High Hall Birmingham University,Birmingham,UK,Joy Division,joydiv.org,,[],DERNIER CONCERT DU GROUPE. Setlist inclut Ceremony et In a Lonely Place inédites.,,,,
concert,JD-CONCERT-19800221-A01,registers/concerts/00_canonical_concerts.md,1980 — concerts annulés (UK),1980-02-21,annule,Manchester Polytechnic,Manchester,UK,Joy Division,joydiv.org,,,,,,,
concert,JD-CONCERT-19800412-A01,registers/concerts/00_canonical_concerts.md,1980 — concerts annulés (UK),1980-04-12,annule,Unknown venue,Bradford,UK,Joy Division,joydiv.org,,,Salle inconnue.,,,,
concert,JD-CONCERT-19800425-A01,registers/concerts/00_canonical_concerts.md,1980 — concerts annulés (UK),1980-04-25,annule,Scala Cinema,London,UK,Joy Division,joydiv.org,,,,PLACE-SCALA-CINEMA-LONDON,,,
concert,JD-CONCERT-19800503-A01,registers/concerts/00_canonical_concerts.md,1980 — concerts annulés (UK),1980-05-03,annule,Eric's,Liverpool,UK,Joy Division,joydiv.org,,,,,,,
concert,JD-CONCERT-19800508-A01,registers/concerts/00_canonical_concerts.md,1980 — concerts annulés (UK),1980-05-08,annule,The Astoria,Edinburgh,UK,Joy Division,joydiv.org,,,Écosse. Annulé après la mort de Ian Curtis (18 mai 1980).,PLACE-ASTORIA-EDINBURGH,,,
concert,JD-CONCERT-19800509-A01,registers/concerts/00_canonical_concerts.md,1980 — concerts annulés (UK),1980-05-09,annule,Albert Hall,Stirling,UK,Joy Division,joydiv.org,,,Écosse. Annulé après la mort de Ian Curtis.,,,,
concert,JD-CONCERT-19800521-A01,registers/concerts/00_canonical_concerts.md,1980 — Tournée US annulée (mai-juin 1980),1980-05-21,annule,Hurrah,New York,USA,Joy Division,joydiv.org,,,Résidence prévue 21-23 mai. Annulée.,PLACE-HURRAH-NEW-YORK,US tour (annulée),,
concert,JD-CONCERT-19800525-A01,registers/concerts/00_canonical_concerts.md,1980 — Tournée US annulée (mai-juin 1980),1980-05-25,annule,The Edge,Toronto,CANADA,Joy Division,joydiv.org,,,,,US tour (annulée),,
concert,JD-CONCERT-19800526-A01,registers/concerts/00_canonical_concerts.md,1980 — Tournée US annulée (mai-juin 1980),1980-05-26,annule,Bookies,Detroit,USA,Joy Division,joydiv.org,,,Annulé avant même la mort de Curtis.,PLACE-BOOKIES-DETROIT,US tour (annulée),,
concert,JD-CONCERT-19800527-A01,registers/concerts/00_canonical_concerts.md,1980 — Tournée US annulée (mai-juin 1980),1980-05-27,annule,Tuts,Chicago,USA,Joy Division,joydiv.org,,,,,US tour (annulée),,
concert,JD-CONCERT-19800528-A01,registers/concerts/00_canonical_concerts.md,1980 — Tournée US annulée (mai-juin 1980),1980-05-28,annule,Merlyn's,Madison,USA,Joy Division,joydiv.org,,,,,US tour (annulée),,
concert,JD-CONCERT-19800529-A01,registers/concerts/00_canonical_concerts.md,1980 — Tournée US annulée (mai-juin 1980),1980-05-29,annule,Duffy's,Minneapolis,USA,Joy Division,joydiv.org,,,,PLACE-DUFFYS-MINNEAPOLIS,US tour (annulée),,
concert,JD-CONCERT-19800530-A01,registers/concerts/00_canonical_concerts.md,1980 — Tournée US annulée (mai-juin 1980),1980-05-30,annule,The Underground,Boston,USA,Joy Division,joydiv.org,,,Résidence prévue 30-31 mai.,,US tour (annulée),,
concert,JD-CONCERT-19800531-A01,registers/concerts/00_canonical_concerts.md,1980 — Tournée US annulée (mai-juin 1980),1980-05-31,annule,9:30 Club,Washington,USA,Joy Division,joydiv.org,,,,PLACE-9-30-CLUB-WASHINGTON,US tour (annulée),,
concert,JD-CONCERT-19800601-A01,registers/concerts/00_canonical_concerts.md,1980 — Tournée US annulée (mai-juin 1980),1980-06-01,annule,Machinist's Hall,New York,USA,Joy Division,joydiv.org,,,,,US tour (annulée),,
concert,JD-CONCERT-19800601-A02,registers/concerts/00_canonical_concerts.md,1980 — Tournée US annulée (mai-juin 1980),1980-06-01,annule,Tier 3,New York,USA,Joy Division,joydiv.org,,,Même jour que Machinist's Hall.,PLACE-TIER-3-NEW-YORK,US tour (annulée),,
concert,JD-CONCERT-19800603-A01,registers/concerts/00_canonical_concerts.md,1980 — Tournée US annulée (mai-juin 1980),1980-06-03,annule,American Indian Center,San Francisco,USA,Joy Division,joydiv.org,,,Résidence prévue 3-7 juin.,PLACE-AMERICAN-INDIAN-CENTER-SF,US tour (annulée),,
concert,JD-CONCERT-19800608-A01,registers/concerts/00_canonical_concerts.md,1980 — Tournée US annulée (mai-juin 1980),1980-06-08,annule,Flipper's,Los Angeles,USA,Joy Division,joydiv.org,,,,PLACE-FLIPPERS-LOS-ANGELES,US tour (annulée),,
concert,JD-CONCERT-19800609-A01,registers/concerts/00_canonical_concerts.md,1980 — Tournée US annulée (mai-juin 1980),1980-06-09,annule,The Starwood,Los Angeles,USA,Joy Division,joydiv.org,,,Dernière date prévue de la tournée US.,PLACE-STARWOOD-LOS-ANGELES,US tour (annulée),,
concert,JD-CONCERT-YYYYMMDD-NNN,registers/concerts/README.md,Structure normalisée d'une entrée,YYYY-MM-DD,confirme,Nom de la salle,Ville,UK,Joy Division,joydiv.org,https://joydiv.org/cDDMMYY.htm,[],,,Buzzcocks tour,,[]
