kind,id,file,heading,id,motif,name,definition,chapitres,sources,nom,formes,concepts_associes,risques,atomes_lies
motif,MOTIF-001,registers/motifs/master_motifs.md,MOTIF-001 — spectralité,MOTIF-001,,,"Sensation de présence absente, de survivance ou de temporalité hantée.
","[""Chapitre 1"", ""Chapitre 5"", ""Chapitre 12"", ""Chapitre 13""]",,spectralité,"[""spatialisation sonore"", ""réverbération"", ""voix distante"", ""mémoire urbaine""]","[""CONCEPT-001""]","[""sur-symbolisation"", ""extension métaphorique excessive""]",
motif,MOTIF-002,registers/motifs/master_motifs.md,MOTIF-002 — ruine industrielle,MOTIF-002,,,"Présence matérielle ou imaginaire de l’effondrement industriel dans le paysage, les récits ou les textures sonores.
","[""Chapitre 1"", ""Chapitre 12"", ""Chapitre 13""]",,ruine industrielle,"[""usines abandonnées"", ""docks fermés"", ""friches"", ""béton dégradé""]","[""CONCEPT-002""]","[""fétichisation des ruines"", ""romantisation du déclin""]",
motif,MOTIF-003,registers/motifs/master_motifs.md,MOTIF-003 — isolement,MOTIF-003,,,"Motif relationnel et affectif structurant les textes, les voix et certaines représentations critiques de Joy Division.
","[""Chapitre 8"", ""Chapitre 11"", ""Chapitre 13""]",,isolement,"[""distance émotionnelle"", ""immobilité"", ""retrait"", ""désaffiliation""]","[""CONCEPT-003""]","[""psychologisation excessive"", ""réduction biographique""]",
motif,MOTIF-004,registers/motifs/master_motifs.md,MOTIF-004 — culture bootleg,MOTIF-004,,,"Motif documentaire désignant les enregistrements non officiels, semi-officiels ou juridiquement ambigus qui conservent une mémoire sonore alternative du groupe.
","[""Chapitre 2"", ""Chapitre 8"", ""Chapitre 14""]",,culture bootleg,"[""CD non officiels"", ""bandes de démos"", ""captations live"", ""objets discographiques suspects"", ""circulation fanique""]","[""CONCEPT-005""]","[""confusion entre valeur documentaire et légitimité éditoriale"", ""fétichisation de l'objet rare"", ""faiblesse de la chaîne de preuve""]","[""S75-A008""]"
motif,MOTIF-005,registers/motifs/master_motifs.md,MOTIF-005 — provocation,MOTIF-005,,,"Motif désignant les gestes esthétiques ou discursifs visant le choc, le trouble ou l'offense, notamment dans l'imagerie de Warsaw et des débuts de Joy Division.
","[""Chapitre 2"", ""Chapitre 5"", ""Chapitre 11""]",,provocation,"[""imagerie nazie"", ""cris de scène"", ""références taboues"", ""shock art"", ""ambiguïté non maîtrisée""]","[""CONCEPT-004""]","[""apologie involontaire"", ""excuse romantique"", ""condamnation sans contextualisation"", ""simplification morale""]","[""S75-A013"", ""S75-A016"", ""S75-A017"", ""S75-A018""]"
motif,MOTIF-006,registers/motifs/master_motifs.md,MOTIF-006 — seuil,MOTIF-006,,,"Motif désignant les moments de bascule où Warsaw cesse progressivement d'être un groupe punk indistinct et laisse apparaître Joy Division comme forme propre.
","[""Chapitre 2"", ""Chapitre 3"", ""Chapitre 6""]",,seuil,"[""changement de nom"", ""arrivée de Stephen Morris"", ""stabilisation rythmique"", ""premier morceau réellement distinctif"", ""passage du support défectueux au remastering""]","[""CONCEPT-006"", ""CONCEPT-005""]","[""téléologie"", ""recherche excessive du premier vrai moment"", ""effacement des continuités lentes""]","[""S75-A015"", ""S75-A017"", ""S75-A020""]"
