kind,id,file,heading,id,mythe,name,niveau_risque,correction,chapitres,sources,nom,statut,noyau_factuel,construction_mythique,risque_interpretatif,usage_recommande,atomes_lies,relations
myth,MYTH-001,registers/myths/master_myths.md,MYTH-001 — Le concert des Sex Pistols comme origine absolue,MYTH-001,,,,,"[""Chapitre 2""]",,Le concert des Sex Pistols comme origine absolue,"{""type"": ""mythe_fondateur"", ""niveau_risque"": ""moyen"", ""utilite_narrative"": ""forte"", ""solidite_factuelle"": ""partielle""}","Le concert des Sex Pistols au Lesser Free Trade Hall joue bien un rôle déclencheur dans la trajectoire de plusieurs acteurs de la scène mancunienne.
","Le récit postérieur tend à transformer ce concert en point d’origine unique, presque miraculeux, du post-punk mancunien.
","[""téléologie"", ""simplification causale"", ""effacement des apprentissages matériels"", ""effacement des hasards et bifurcations""]","Utiliser le concert comme scène d’autorisation punk, non comme origine absolue.
",[],"[{""type"": ""nuance"", ""cible"": ""CONCEPT-002""}]"
myth,MYTH-002,registers/myths/master_myths.md,MYTH-002 — Ian Curtis comme prophète,MYTH-002,,,,,"[""Chapitre 8"", ""Chapitre 9"", ""Chapitre 11"", ""Chapitre 14""]",,Ian Curtis comme prophète,"{""type"": ""mythe_biographique"", ""niveau_risque"": ""critique"", ""utilite_narrative"": ""forte"", ""solidite_factuelle"": ""faible""}","Les textes, la présence scénique et la mort de Ian Curtis favorisent une lecture rétrospective tragique de son œuvre.
","La réception postérieure tend à lire chaque chanson comme annonce du suicide, au risque d’écraser la pluralité des textes, des circonstances et du groupe.
","[""prophétisation rétrospective"", ""psychologisation excessive"", ""réduction de l’œuvre à la mort"", ""effacement du collectif""]","Traiter Curtis comme auteur, interprète et corps scénique, non comme voyant.
",[],[]
myth,MYTH-003,registers/myths/master_myths.md,MYTH-003 — Manchester comme matrice unique,MYTH-003,,,,,"[""Chapitre 1"", ""Chapitre 12"", ""Chapitre 13""]",,Manchester comme matrice unique,"{""type"": ""mythe_urbain"", ""niveau_risque"": ""eleve"", ""utilite_narrative"": ""forte"", ""solidite_factuelle"": ""moyenne""}","Manchester et Salford constituent un cadre social, industriel et affectif majeur dans la formation de Joy Division.
","Le discours critique peut transformer la ville en cause totale du son, comme si le groupe ne faisait que traduire mécaniquement le paysage urbain.
","[""déterminisme urbain"", ""causalité simplifiée"", ""réduction sociologique"", ""effacement des choix artistiques""]","Présenter Manchester comme milieu d’intensification, non comme cause unique.
",[],"[{""type"": ""derive_de"", ""cible"": ""CONCEPT-002""}, {""type"": ""derive_de"", ""cible"": ""CONCEPT-003""}]"
myth,MYTH-004,registers/myths/master_myths.md,MYTH-004 — Martin Hannett comme génie solitaire,MYTH-004,,,,,"[""Chapitre 5"", ""Chapitre 6"", ""Chapitre 12""]",,Martin Hannett comme génie solitaire,"{""type"": ""mythe_producteur"", ""niveau_risque"": ""moyen"", ""utilite_narrative"": ""forte"", ""solidite_factuelle"": ""partielle""}","Hannett joue un rôle déterminant dans la spatialisation sonore et la texture enregistrée de Joy Division.
","Certains récits tendent à faire de Hannett l’auteur réel du son, au détriment du travail du groupe, de la scène live et de la matérialité collective.
","[""effacement du groupe"", ""héroïsation du producteur"", ""confusion entre son live et son studio""]","Analyser Hannett comme catalyseur et metteur en espace, non comme auteur unique.
",[],[]
myth,MYTH-005,registers/myths/master_myths.md,MYTH-005 — Factory comme anti-business pur,MYTH-005,,,,,"[""Chapitre 4"", ""Chapitre 6"", ""Chapitre 14""]",,Factory comme anti-business pur,"{""type"": ""mythe_institutionnel"", ""niveau_risque"": ""moyen"", ""utilite_narrative"": ""moyenne"", ""solidite_factuelle"": ""partielle""}","Factory Records développe une esthétique de l’indépendance, du contrôle artistique et du refus des formats industriels dominants.
","Le récit peut transformer Factory en pure utopie anti-commerciale, alors que le label reste aussi une organisation économique, fragile, stratégique et parfois contradictoire.
","[""romantisation institutionnelle"", ""effacement des contraintes économiques"", ""héroïsation de Tony Wilson""]","Décrire Factory comme laboratoire esthétique et économique contradictoire.
",[],[]
