kind,id,file,heading,name,full_name,role,sources,chapters,certainty,period,associated_entities,portraits_by_source,related_atoms,related_quotes,related_songs,related_events,contradictions,methodological_warnings,notes,type_unite,related_myths
person,PERS-001,registers/people/master_people.md,PERS-001 — Ian Curtis,Ian Curtis,Ian Kevin Curtis,"[""chanteur"", ""parolier"", ""figure centrale""]","[""S41"", ""S45""]","[""Chapitre 4"", ""Chapitre 6"", ""Chapitre 10"", ""Chapitre 11"", ""Chapitre 12"", ""Chapitre 14""]",strong,1956-1980,"[""Warsaw"", ""Joy Division"", ""Factory Records""]","{""S41"": ""Hook décrit Curtis comme chanteur, camarade, force d’agrégation du groupe, figure scénique et personnalité progressivement fragmentée.\n"", ""S45"": ""Deborah Curtis décrit Ian depuis l’espace domestique : conjoint, père, malade, homme silencieux, parfois contrôlant, de plus en plus absent.\n""}","[""S41-021"", ""S41-026"", ""S41-080"", ""S41-144"", ""S45-001"", ""S45-008"", ""S45-014"", ""S45-032"", ""S45-038""]","[""S45-Q003""]","[""She's Lost Control"", ""Love Will Tear Us Apart"", ""Decades""]","[""CHR-1956-001"", ""CHR-1978-002"", ""CHR-1980-003""]","[""tension entre Curtis figure scénique et Curtis domestique"", ""risque de lecture téléologique de sa mort""]","[""ne pas réduire Ian Curtis à sa maladie"", ""ne pas transformer les chansons en autobiographie directe"", ""éviter la romantisation du génie torturé""]",Personne centrale du projet. Le registre doit maintenir la pluralité des points de vue : Hook donne le Curtis du groupe ; Deborah donne le Curtis du foyer.,,
person,PERS-002,registers/people/master_people.md,PERS-002 — Peter Hook,Peter Hook,Peter Hook,"[""musicien"", ""bassiste"", ""témoin"", ""mémorialiste""]","[""S41""]","[""Chapitre 2"", ""Chapitre 3"", ""Chapitre 5"", ""Chapitre 9"", ""Chapitre 14""]",strong,1956-,"[""Joy Division"", ""New Order""]","{""S41"": ""Hook se présente comme acteur central de la formation du groupe, témoin de la scène, artisan de la basse mélodique et gardien d’une mémoire directe mais subjective.\n""}","[""S41-017"", ""S41-018"", ""S41-036"", ""S41-064""]","[""S41-Q001"", ""S41-Q006""]","[""Disorder"", ""Transmission"", ""New Dawn Fades""]","[""CHR-1976-001""]","[""centralité narrative de Hook à contrôler par croisement avec Morris et Sumner""]","[""distinguer mémoire vécue et histoire consolidée"", ""repérer les traits humoristiques ou autojustificatifs""]","Hook est à la fois source et objet. Son témoignage est précieux pour les détails matériels, mais doit être recoupé pour les interprétations internes.",,
person,PERS-003,registers/people/master_people.md,PERS-003 — Bernard Sumner,Bernard Sumner,Bernard Sumner,"[""musicien"", ""guitariste"", ""témoin""]","[""S41""]","[""Chapitre 2"", ""Chapitre 3"", ""Chapitre 5"", ""Chapitre 14""]",medium,1956-,"[""Warsaw"", ""Joy Division"", ""New Order""]","{""S41"": ""Hook décrit Sumner comme ami ancien, guitariste autodidacte, partenaire initial dans la décision de former le groupe.\n""}","[""S41-008"", ""S41-016"", ""S41-019""]",[],"[""Transmission"", ""Ceremony""]","[""CHR-1976-001""]","[""portrait à compléter avec *Chapter and Verse*""]","[""ne pas dépendre uniquement de Hook pour le portrait de Sumner""]",Source encore sous-intégrée. L’atomisation du livre de Sumner deviendra nécessaire.,,
person,PERS-004,registers/people/master_people.md,PERS-004 — Stephen Morris,Stephen Morris,Stephen Paul David Morris,"[""musicien"", ""batteur"", ""témoin""]","[""S41""]","[""Chapitre 2"", ""Chapitre 3"", ""Chapitre 5"", ""Chapitre 7""]",medium,1957-,"[""Joy Division"", ""New Order""]","{""S41"": ""Hook insiste sur la précision, la puissance et la texture du jeu de Morris.\n""}","[""S41-027"", ""S41-094"", ""S41-117""]",[],"[""She's Lost Control"", ""Disorder"", ""Transmission""]","[""CHR-1977-001""]","[""portrait à compléter avec *Record Play Pause* et *Fast Forward*""]","[""ne pas réduire Morris à une « machine » rythmique""]",Morris est essentiel pour comprendre la mécanique expressive de Joy Division.,,
person,PERS-005,registers/people/master_people.md,PERS-005 — Deborah Curtis,Deborah Curtis,Deborah Curtis,"[""témoin"", ""proche"", ""autrice"", ""gardienne d’archive""]","[""S45""]","[""Chapitre 4"", ""Chapitre 10"", ""Chapitre 12"", ""Chapitre 14""]",strong,1956-,"[""Ian Curtis"", ""Joy Division memory"", ""Control""]","{""S45"": ""Deborah Curtis se présente comme épouse, témoin intime, figure progressivement isolée, puis gardienne d’une mémoire personnelle contre le mythe public.\n""}","[""S45-021"", ""S45-029"", ""S45-034"", ""S45-041"", ""S45-044""]","[""S45-Q005""]","[""Love Will Tear Us Apart""]","[""CHR-1980-003""]","[""tension entre témoignage intime et réception publique de Curtis""]","[""ne pas faire de Deborah Curtis une clé explicative unique"", ""distinguer observation domestique et interprétation rétrospective""]","Source située, affective, légitime et indispensable, mais non souveraine.",,
person,PERS-006,registers/people/master_people.md,PERS-006 — Rob Gretton,Rob Gretton,Robert Leo Gretton,"[""manager"", ""stratège"", ""médiateur""]","[""S41"", ""S45""]","[""Chapitre 5"", ""Chapitre 9"", ""Chapitre 14""]",strong,1953-1999,"[""Joy Division"", ""Factory Records"", ""New Order""]","{""S41"": ""Hook décrit Gretton comme accélérateur systémique, protecteur, organisateur, adversaire des avances discographiques et défenseur de l’indépendance.\n"", ""S45"": ""Deborah Curtis laisse apparaître Gretton comme partie d’un écosystème qui absorbe progressivement Ian hors du foyer.\n""}","[""S41-045"", ""S41-049"", ""S41-050"", ""S41-054"", ""S41-083"", ""S45-016""]","[""S41-Q003""]","[""Transmission"", ""Love Will Tear Us Apart""]","[""CHR-1978-001"", ""CHR-1979-002""]","[""protecteur artistique selon Hook"", ""force d’absorption du groupe depuis le point de vue domestique""]","[""ne pas transformer Gretton en simple manager pittoresque"", ""articuler liberté artistique et coût humain""]","Figure structurante. Gretton rend possible Joy Division comme groupe professionnel, mais contribue aussi à l’intensification du dispositif.",,
person,PERS-007,registers/people/master_people.md,PERS-007 — Tony Wilson,Tony Wilson,Anthony Howard Wilson,"[""journaliste"", ""entrepreneur culturel"", ""fondateur Factory"", ""médiateur""]","[""S41"", ""S45""]","[""Chapitre 5"", ""Chapitre 9"", ""Chapitre 14""]",strong,1950-2007,"[""Granada Television"", ""Factory Records""]","{""S41"": ""Hook décrit Wilson comme figure charismatique, médiateur symbolique et acteur décisif de l’écosystème Factory.\n"", ""S45"": ""Deborah le voit surtout à travers l’effet Factory sur la vie de Ian.\n""}","[""S41-044"", ""S41-057"", ""S41-068"", ""S41-069"", ""S45-016""]",[],"[""Shadowplay""]","[""CHR-1979-001"", ""CHR-1979-002""]","[""médiateur culturel versus facteur de mythification""]","[""ne pas reprendre sans distance l’auto-mythologie Factory""]","Wilson est un passeur entre télévision, scène locale, art, label et mythe mancunien.",,
person,PERS-008,registers/people/master_people.md,PERS-008 — Martin Hannett,Martin Hannett,James Martin Hannett,"[""producteur"", ""ingénieur sonore"", ""expérimentateur""]","[""S41"", ""S45""]","[""Chapitre 3"", ""Chapitre 5"", ""Chapitre 6"", ""Chapitre 7"", ""Chapitre 14""]",strong,1948-1991,"[""Factory Records"", ""Joy Division""]","{""S41"": ""Hook décrit Hannett comme reconstructeur sonore, parfois incompris par le groupe, capable de transformer le son live en architecture froide.\n"", ""S45"": ""Deborah Curtis perçoit l’effet Hannett à travers un son plus net et plus froid.\n""}","[""S41-071"", ""S41-093"", ""S41-095"", ""S41-128"", ""S45-013""]","[""S45-Q004"", ""S41-Q007""]","[""Digital"", ""Glass"", ""She's Lost Control"", ""Atmosphere"", ""Decades""]","[""CHR-1979-001"", ""CHR-1979-002"", ""CHR-1980-004""]","[""génie sonore versus trahison du son live"", ""rôle de Hannett à distinguer de celui des ingénieurs Brierley, Johnson, Caffery""]","[""ne pas attribuer tout le son Joy Division à Hannett seul"", ""conserver la tension groupe/producteur""]",Hannett est l’un des principaux opérateurs de la transformation post-punk du groupe.,,
person,PERS-009,registers/people/master_people.md,PERS-009 — Peter Saville,Peter Saville,Peter Andrew Saville,"[""designer"", ""directeur artistique""]","[""S41""]","[""Chapitre 5"", ""Chapitre 14""]",medium,1955-,"[""Factory Records""]","{""S41"": ""Hook présente Saville à travers la matérialité Factory : affiches, objets, retards, packaging et abstraction visuelle.\n""}","[""S41-057"", ""S41-066"", ""S41-074"", ""S41-098"", ""S41-149""]",[],"[""Atmosphere""]","[""CHR-1979-002"", ""CHR-1980-004""]","[""rôle exact dans certaines pochettes à sécuriser""]","[""vérifier précisément chaque attribution graphique""]",Figure majeure de la transformation de Joy Division en objet visuel et patrimonial.,,
person,PERS-010,registers/people/master_people.md,PERS-010 — Annick Honoré,Annick Honoré,Annick Honoré,"[""proche"", ""témoin""]","[""S45""]","[""Chapitre 4"", ""Chapitre 6"", ""Chapitre 10"", ""Chapitre 14""]",medium,1957-2014,"[""Ian Curtis"", ""Joy Division"", ""Bruxelles""]","{""S45"": ""Deborah Curtis présente Annick Honoré comme un point de rupture supplémentaire dans la relation conjugale.\n""}","[""S45-027""]",[],"[""Love Will Tear Us Apart""]",[],"[""statut exact de la relation selon les sources"", ""récit Deborah à compléter par d’autres témoignages""]","[""éviter la réduction d’Annick Honoré à une fonction narrative de rupture"", ""ne pas moraliser la relation""]",Personne sensible à traiter avec sobriété et pluralité documentaire.,,
person,PERS-011,registers/people/master_people.md,PERS-011 — Natalie Curtis,Natalie Curtis,Natalie Curtis,"[""proche"", ""enfant de Ian Curtis""]","[""S45""]","[""Chapitre 4"", ""Chapitre 10""]",strong,1979-,"[""Ian Curtis"", ""Deborah Curtis""]","{""S45"": ""Natalie apparaît dans le récit comme enfant née dans un contexte d’épuisement, de maladie et de désorganisation conjugale.\n""}","[""S45-022""]",[],[],[],[],"[""traiter avec grande réserve"", ""éviter tout détail inutile""]",Présence importante pour comprendre la dimension domestique du récit Deborah Curtis.,,
person,PERS-012,registers/people/master_people.md,PERS-012 — John Brierley,John Brierley,John Brierley,"[""ingénieur du son"", ""producteur""]","[""S41""]","[""Chapitre 3"", ""Chapitre 5"", ""Chapitre 7""]",medium,actif années 1970,"[""Cargo Studios""]","{""S41"": ""Hook présente Brierley comme contrepoint rationnel et professionnel à Hannett.\n""}","[""S41-070"", ""S41-072"", ""S41-073""]",[],"[""Digital"", ""Glass""]","[""CHR-1979-001""]","[""rôle exact dans la captation à préciser""]","[""ne pas effacer les ingénieurs derrière la figure Hannett""]",Important pour décentrer le récit du seul génie Hannett.,,
person,PERS-S75-017,registers/people/s75_ott_people_part_02.md,PERS-S75-017 — Derek Brandwood,Derek Brandwood,,"[""responsable RCA nord"", ""intermédiaire industrie musicale""]","[""S75""]","[""Chapitre 2"", ""Chapitre 8""]",medium,,"[""RCA"", ""Piccadilly Plaza""]","{""S75"": ""Figure de contact entre Ian Curtis et RCA, Brandwood rend possible l'épisode Arrow Studios mais reste associé à un montage industriel inadapté à Joy Division.\n""}","[""S75-A021"", ""S75-A026""]",,,"[""CHR-1978-006""]",,"[""ne pas réduire Brandwood à un antagoniste ; il agit dans une logique industrielle ordinaire""]",,person,
person,PERS-S75-018,registers/people/s75_ott_people_part_02.md,PERS-S75-018 — Richard Searling,Richard Searling,,"[""DJ northern soul"", ""producteur associé""]","[""S75""]","[""Chapitre 2""]",medium,,"[""RCA"", ""Grapevine""]","{""S75"": ""Searling sert de relais entre Brandwood, John Anderson et l'offre de reprise soul qui conduit aux sessions RCA.\n""}","[""S75-A021"", ""S75-A022""]",,,"[""CHR-1978-006""]",,"[""distinguer son enthousiasme de la domination finale exercée par Anderson sur la session""]",,person,
person,PERS-S75-019,registers/people/s75_ott_people_part_02.md,PERS-S75-019 — John Anderson,John Anderson,,"[""producteur"", ""responsable Grapevine"", ""intermédiaire industriel""]","[""S75""]","[""Chapitre 2"", ""Chapitre 3""]",medium,,"[""Grapevine"", ""RCA demos""]","{""S75"": ""Ott présente Anderson comme l'homme qui domine la session RCA, juge le groupe techniquement insuffisant et propose des solutions de polissage incompatibles avec leur son.\n""}","[""S75-A021"", ""S75-A024"", ""S75-A025""]","[""S75-Q006""]",,"[""CHR-1978-006""]",,"[""traiter son jugement comme norme industrielle, non comme vérité artistique""]",,person,
person,PERS-S75-020,registers/people/s75_ott_people_part_02.md,PERS-S75-020 — Bob Auger,Bob Auger,,"[""producteur"", ""ingénieur / superviseur studio""]","[""S75""]","[""Chapitre 2"", ""Chapitre 3""]",medium,,"[""Arrow Studios"", ""RCA demos""]","{""S75"": ""Auger est associé aux sessions Arrow Studios et à un rendu que Ott décrit comme sec, sans véritable mise en relief du groupe.\n""}","[""S75-A024"", ""S75-A025""]",,,"[""CHR-1978-006""]",,"[""ne pas isoler Auger comme responsable unique du désastre RCA""]",,person,
person,PERS-S75-021,registers/people/s75_ott_people_part_02.md,PERS-S75-021 — John Peel,John Peel,,"[""DJ radio"", ""médiateur national""]","[""S75""]","[""Chapitre 3"", ""Chapitre 6"", ""Chapitre 14""]",strong,,"[""BBC Radio One"", ""Peel Sessions""]","{""S75"": ""Ott présente Peel comme le médiateur qui donne à Joy Division une première audition significative hors Manchester.\n""}","[""S75-A033""]",,,"[""CHR-1979-002""]",,"[""distinguer visibilité radio et reconnaissance nationale installée""]",,person,
person,PERS-S75-022,registers/people/s75_ott_people_part_02.md,PERS-S75-022 — Martin Rushent,Martin Rushent,,"[""producteur"", ""entrepreneur de production""]","[""S75""]","[""Chapitre 2"", ""Chapitre 3"", ""Chapitre 6""]",medium,,"[""Genetic"", ""Radar Records"", ""Eden Studios""]","{""S75"": ""Rushent propose une voie professionnelle crédible après la Peel Session, mais l'offre Genetic/Radar est écartée au profit de Factory.\n""}","[""S75-A035""]",,,"[""CHR-1979-003""]",,"[""ne pas opposer mécaniquement Rushent / industrie à Factory / pureté""]",,person,
person,PERS-S75-023,registers/people/s75_ott_people_part_02.md,PERS-S75-023 — Kevin Cummins,Kevin Cummins,,"[""photographe"", ""médiateur visuel""]","[""S75""]","[""Chapitre 4"", ""Chapitre 5"", ""Chapitre 14""]",medium,,"[""NME"", ""Factory Records""]","{""S75"": ""Ott souligne le rôle de Cummins dans la fabrication d'un contre-portrait médiatique de Ian Curtis en janvier 1979.\n""}","[""S75-A032""]",,,"[""CHR-1979-001""]",,"[""distinguer photographie documentaire et iconisation rétrospective""]",,person,
person,PERS-S75-024,registers/people/s75_ott_people_part_02.md,PERS-S75-024 — Alan Erasmus,Alan Erasmus,,"[""cofondateur Factory"", ""organisateur"", ""figure effacée du récit""]","[""S75""]","[""Chapitre 6"", ""Chapitre 14""]",medium,,"[""Factory Records""]","{""S75"": ""Ott rappelle Erasmus comme cofondateur puis figure progressivement effacée du récit Factory dominé par Tony Wilson.\n""}","[""S75-A036"", ""S75-A037""]",,,,,"[""recouper avec sources Factory ; éviter de substituer un contre-mythe Erasmus au mythe Wilson""]",,person,"[""MYTH-005""]"
person,PERS-S75-025,registers/people/s75_ott_people_part_02.md,PERS-S75-025 — T.J. Davidson,T.J. Davidson,,"[""propriétaire / acteur local"", ""fournisseur d'espace de répétition""]","[""S75""]","[""Chapitre 2"", ""Chapitre 3"", ""Chapitre 13""]",medium,,"[""T.J. Davidson's rehearsal warehouse""]","{""S75"": ""Davidson permet à Joy Division d'accéder à un espace de répétition décisif, décrit par Ott comme lieu de maturation.\n""}","[""S75-A027""]",,,,,"[""traiter le lieu comme condition pratique, non comme décor mythique autosuffisant""]",,person,
person,PERS-013,registers/people/s75_ott_people.md,PERS-013 — Chris Ott,Chris Ott,Chris Ott,"[""critique"", ""auteur"", ""essayiste""]","[""S75""]","[""méthode générale"", ""Chapitre 2"", ""Chapitre 3"", ""Chapitre 14""]",strong,actif années 2000,"[""33 1/3"", ""Continuum Publishing Group""]","{""S75"": ""Auteur d'une lecture critique de *Unknown Pleasures* dans la collection 33 1/3, attentive à la mystification rétrospective, aux sessions, au son, à Hannett et à la réception.\n""}","[""S75-A002""]","[""S75-Q001""]","[""Disorder"", ""No Love Lost""]",,[],"[""traiter S75 comme source critique secondaire, non comme source primaire"", ""vérifier les citations mot à mot avant usage rédactionnel""]",Ott sert surtout à la déconstruction des mythologies critiques et à l'analyse du passage Warsaw / Joy Division.,person,
person,PERS-014,registers/people/s75_ott_people.md,PERS-014 — Paul Morley,Paul Morley,Paul Morley,"[""journaliste"", ""critique"", ""témoin""]","[""S75""]","[""Chapitre 2"", ""Chapitre 14""]",medium,actif depuis années 1970,"[""NME"", ""Factory Records"", ""Manchester""]","{""S75"": ""Ott mobilise Morley comme premier lecteur critique capable de percevoir chez Warsaw une différence encore faible, avant que le groupe ne devienne Joy Division.\n""}","[""S75-A007""]",[],[],,"[""place exacte de Morley dans la construction critique et mythologique à croiser avec ses propres textes""]","[""distinguer Morley témoin précoce, Morley critique et Morley producteur ultérieur du mythe Factory""]",Entrée à enrichir ultérieurement avec les textes originaux de Morley.,person,
person,PERS-015,registers/people/s75_ott_people.md,PERS-015 — Steve Brotherdale,Steve Brotherdale,Steve Brotherdale,"[""musicien"", ""batteur transitoire""]","[""S75""]","[""Chapitre 2""]",medium,1977,"[""Warsaw"", ""The Panik""]","{""S75"": ""Ott présente Brotherdale comme un batteur puissant mais mal ajusté à Warsaw, dont l'éviction fonctionne comme une stabilisation négative avant l'arrivée de Stephen Morris.\n""}","[""S75-A011""]",[],[],,"[""détails anecdotiques de son éviction à recouper avec d'autres témoignages""]","[""ne pas transformer Brotherdale en simple épisode pittoresque"", ""l'utiliser comme seuil humain dans la stabilisation du groupe""]",Utile pour comprendre la transition entre instabilité humaine et stabilisation musicale.,person,
person,PERS-016,registers/people/s75_ott_people.md,PERS-016 — Bedhead,Bedhead,Bedhead,"[""groupe"", ""héritier critique""]","[""S75""]","[""Chapitre 7"", ""Chapitre 10"", ""Chapitre 14""]",medium,années 1990,"[""reprise de Disorder""]","{""S75"": ""Ott ouvre son livre par la reprise de « Disorder » par Bedhead, comme indice d'une intériorisation posthume de Joy Division par des groupes ultérieurs.\n""}","[""S75-A001""]",[],"[""Disorder""]",,[],"[""ne pas généraliser Bedhead à toute la postérité de Joy Division"", ""utiliser la reprise comme indice de réception, non comme preuve globale d'influence""]",Entrée utile pour le motif de réception posthume et d'influence sans imitation.,person,
person,PERS-003-S75,registers/people/s75_ott_people.md,"PERS-003-S75 — Bernard Sumner, complément S75",Bernard Sumner,Bernard Sumner,"[""musicien"", ""guitariste"", ""témoin"", ""trajectoire sociale""]","[""S75""]","[""Chapitre 1"", ""Chapitre 2"", ""Chapitre 13""]",medium,1956-,"[""Warsaw"", ""Joy Division"", ""New Order"", ""Lower Broughton""]","{""S75"": ""Ott rééquilibre le récit centré sur Curtis en faisant de Lower Broughton, Salford, du déplacement urbain et du travail répétitif des éléments structurants de la trajectoire de Sumner.\n""}","[""S75-A014""]",[],[],[],"[""à croiser avec le témoignage propre de Sumner""]","[""ne pas substituer un déterminisme social Sumner au déterminisme biographique Curtis""]",Complément à l'entrée PERS-003 du registre maître ; ne pas créer de doublon biographique.,person,
person,PERS-004-S75,registers/people/s75_ott_people.md,"PERS-004-S75 — Stephen Morris, complément S75",Stephen Morris,Stephen Paul David Morris,"[""musicien"", ""batteur"", ""catalyseur formel""]","[""S75""]","[""Chapitre 2"", ""Chapitre 3""]",medium,1957-,"[""Warsaw"", ""Joy Division"", ""New Order""]","{""S75"": ""Ott présente Morris comme le batteur qui permet au groupe de s'entendre, de stabiliser sa temporalité et de préparer l'architecture sonore de Joy Division.\n""}","[""S75-A015"", ""S75-A020""]",[],"[""No Love Lost""]",[],"[""à croiser avec les mémoires de Morris""]","[""ne pas réduire Morris à une boîte à rythmes humaine"", ""articuler précision mécanique et sensibilité collective""]",Complément à l'entrée PERS-004 du registre maître ; ne pas créer de doublon biographique.,person,
