kind,id,file,heading,label,type,type_detail,sources,usage,lat,lng,geo_precision,prudence_methodologique,same_as,reference_croisee,alternate_labels,chapters,aliases,source_files,pages_livre,pages_pdf,source_short_title,source_year,statut,alternate_type_details,_legacy_format,atoms,prudence,alternate_legacy_formats,usage_s05,usage_s06,usage_s10,song_ids,source_id,source_label
place,PLACE-ACTIONSPACE-LONDON,registers/places/concert_venues_7abis.md,Lieux de concerts (suite) — venues joydiv débloqués (étape 7a-bis),"Actionspace, London",salle,espace_alternatif,"[""joydiv""]",Venue de concert de Joy Division (source joydiv.org).,,,,,,,,,,,,,,,,,,,,,,,,,,
place,PLACE-ALBERT-HALL-STIRLING,registers/places/concert_venues_7abis.md,Lieux de concerts (suite) — venues joydiv débloqués (étape 7a-bis),"Albert Hall, Stirling",salle,salle_spectacle,"[""joydiv""]",Venue de concert de Joy Division (source joydiv.org).,56.11815,-3.94186,exacte,24 Dumbarton Road ; Historic Environment Scotland LB41099. Source: trove.scot,,,,,,,,,,,,,,,,,,,,,,
place,PLACE-ASSEMBLY-ROOMS-DERBY,registers/places/concert_venues_7abis.md,Lieux de concerts (suite) — venues joydiv débloqués (étape 7a-bis),"Assembly Rooms, Derby",salle,salle_municipale,"[""joydiv""]",Venue de concert de Joy Division (source joydiv.org).,52.92331,-1.47619,exacte,batiment demoli/transforme ; localisation historique fiable. Source: commons.wikimedia.org,,,,,,,,,,,,,,,,,,,,,,
place,PLACE-ASTORIA-EDINBURGH,registers/places/concert_venues_7abis.md,Lieux de concerts (suite) — venues joydiv débloqués (étape 7a-bis),"The Astoria, Edinburgh",salle,salle_concert,"[""joydiv""]",Venue de concert de Joy Division (source joydiv.org).,,,,,,,,,,,,,,,,,,,,,,,,,,
place,PLACE-BANGOR-UNIVERSITY,registers/places/concert_venues_7abis.md,Lieux de concerts (suite) — venues joydiv débloqués (étape 7a-bis),Bangor University,education,universite,"[""joydiv""]",Venue de concert de Joy Division (source joydiv.org).,53.2289,-4.1269,quartier,"campus historique, pas d'une salle precise. Source: bangor.ac.uk",,,,,,,,,,,,,,,,,,,,,,
place,PLACE-BIRMINGHAM-UNIVERSITY,registers/places/concert_venues_7abis.md,Lieux de concerts (suite) — venues joydiv débloqués (étape 7a-bis),University of Birmingham (High Hall),education,universite,"[""joydiv""]",Venue de concert de Joy Division (source joydiv.org).,52.45029,-1.93,exacte,High Hall devenu Chamberlain Hall ; coordonnee calee sur The Vale. Source: enkiri.com,,,,,,,,,,,,,,,,,,,,,,
place,PLACE-BOLTON-INSTITUTE-OF-TECHNOLOGY,registers/places/concert_venues_7abis.md,Lieux de concerts (suite) — venues joydiv débloqués (étape 7a-bis),Bolton Institute of Technology,education,institut_technique,"[""joydiv""]",Venue de concert de Joy Division (source joydiv.org).,,,,,,,,,,,,,,,,,,,,,,,,,,
place,PLACE-BRADFORD-UNIVERSITY,registers/places/concert_venues_7abis.md,Lieux de concerts (suite) — venues joydiv débloqués (étape 7a-bis),Bradford University,education,universite,"[""joydiv""]",Venue de concert de Joy Division (source joydiv.org).,53.79147,-1.76607,quartier,coordonnee du campus central/Richmond Building. Source: bradford.ac.uk,,,,,,,,,,,,,,,,,,,,,,
place,PLACE-CAPITOL-ABERDEEN,registers/places/concert_venues_7abis.md,Lieux de concerts (suite) — venues joydiv débloqués (étape 7a-bis),"Capitol, Aberdeen",salle,salle_concert,"[""joydiv""]",Venue de concert de Joy Division (source joydiv.org).,,,,,,,,,,,,,,,,,,,,,,,,,,
place,PLACE-CARDIFF-UNIVERSITY,registers/places/concert_venues_7abis.md,Lieux de concerts (suite) — venues joydiv débloqués (étape 7a-bis),Cardiff University,education,universite,"[""joydiv""]",Venue de concert de Joy Division (source joydiv.org).,51.48839,-3.1775,exacte,"Cardiff Students' Union, Park Place / Senghennydd Road. Source: cardiff.ac.uk",,,,,,,,,,,,,,,,,,,,,,
place,PLACE-CITY-HALL-CORK,registers/places/concert_venues_7abis.md,Lieux de concerts (suite) — venues joydiv débloqués (étape 7a-bis),"City Hall, Cork",salle,salle_municipale,"[""joydiv""]",Venue de concert de Joy Division (source joydiv.org).,,,,,,,,,,,,,,,,,,,,,,,,,,
place,PLACE-CITY-HALL-HULL,registers/places/concert_venues_7abis.md,Lieux de concerts (suite) — venues joydiv débloqués (étape 7a-bis),"City Hall, Hull",salle,salle_concert,"[""joydiv""]",Venue de concert de Joy Division (source joydiv.org).,53.74368,-0.33979,exacte,"batiment liste, Queen Victoria Square, HU1 3RQ. Source: historicengland.org.uk",,,,,,,,,,,,,,,,,,,,,,
place,PLACE-CIVIC-HALL-GUILDFORD,registers/places/concert_venues_7abis.md,Lieux de concerts (suite) — venues joydiv débloqués (étape 7a-bis),"Civic Hall, Guildford",salle,salle_municipale,"[""joydiv""]",Venue de concert de Joy Division (source joydiv.org).,51.23946,-0.56491,exacte,ancien batiment demoli ; coordonnee du site historique/G Live. Source: setlist.fm,,,,,,,,,,,,,,,,,,,,,,
place,PLACE-CLUB-VERA-GRONINGEN,registers/places/concert_venues_7abis.md,Lieux de concerts (suite) — venues joydiv débloqués (étape 7a-bis),"Club Vera, Groningen",salle,club,"[""joydiv""]",Venue de concert de Joy Division (source joydiv.org).,53.21703,6.57011,exacte,"Oosterstraat 44, Groningen ; salle existante. Source: visitgroningen.nl",,"[""wikidata:Q17389445""]",,,,,,,,,,,,,,,,,,,,
place,PLACE-COATHAM-BOWL-REDCAR,registers/places/concert_venues_7abis.md,Lieux de concerts (suite) — venues joydiv débloqués (étape 7a-bis),"Coatham Bowl, Redcar",salle,salle_concert,"[""joydiv""]",Venue de concert de Joy Division (source joydiv.org).,54.62083,-1.08083,exacte,batiment demoli 2014 ; coordonnee approximative secteur Majuba Road. Source: redcar-cleveland.gov.uk,,,,,,,,,,,,,,,,,,,,,,
place,PLACE-COLSTON-HALL-BRISTOL,registers/places/concert_venues_7abis.md,Lieux de concerts (suite) — venues joydiv débloqués (étape 7a-bis),"Colston Hall, Bristol",salle,salle_concert,"[""joydiv""]",Venue de concert de Joy Division (source joydiv.org).,51.454,-2.598,exacte,renommee Bristol Beacon. Source: historicengland.org.uk,,"[""wikidata:Q5149374""]",,,,,,,,,,,,,,,,,,,,
place,PLACE-DE-MONTFORT-HALL-LEICESTER,registers/places/concert_venues_7abis.md,Lieux de concerts (suite) — venues joydiv débloqués (étape 7a-bis),"De Montfort Hall, Leicester",salle,salle_spectacle,"[""joydiv""]",Venue de concert de Joy Division (source joydiv.org).,52.6243,-1.1216,exacte,"batiment stable, Granville Road, LE1 7RU. Source: demontforthall.co.uk",,,,,,,,,,,,,,,,,,,,,,
place,PLACE-DOORNROOSJE-NIJMEGEN,registers/places/concert_venues_7abis.md,Lieux de concerts (suite) — venues joydiv débloqués (étape 7a-bis),"Doornroosje, Nijmegen",salle,club,"[""joydiv""]",Venue de concert de Joy Division (source joydiv.org).,51.83095,5.86025,exacte,"emplacement d'epoque, Groenewoudseweg 322 ; demenage en 2014. Source: podiuminfo.nl",,"[""wikidata:Q2180529""]",,,,,,,,,,,,,,,,,,,,
place,PLACE-GOOD-MOOD-HALIFAX,registers/places/concert_venues_7abis.md,Lieux de concerts (suite) — venues joydiv débloqués (étape 7a-bis),"Good Mood, Halifax",salle,club,"[""joydiv""]",Venue de concert de Joy Division (source joydiv.org).,,,,,,,,,,,,,,,,,,,,,,,,,,
place,PLACE-IMPERIAL-HOTEL-BLACKPOOL,registers/places/concert_venues_7abis.md,Lieux de concerts (suite) — venues joydiv débloqués (étape 7a-bis),"Imperial Hotel, Blackpool",salle,salle_hotel,"[""joydiv""]",Venue de concert de Joy Division (source joydiv.org).,53.827301,-3.054586,exacte,North Promenade FY1 2HB ; hotel toujours existant. Source: imperialhotelblackpool.co.uk,,,,,,,,,,,,,,,,,,,,,,
place,PLACE-KANT-KINO-BERLIN,registers/places/concert_venues_7abis.md,Lieux de concerts (suite) — venues joydiv débloqués (étape 7a-bis),"Kant Kino, Berlin",salle,club,"[""joydiv""]",Venue de concert de Joy Division (source joydiv.org).,52.5069,13.30834,exacte,"Kantstrasse 54, 10627 Berlin ; salle existante. Source: yorck.de",,"[""wikidata:Q42297621""]",,,,,,,,,,,,,,,,,,,,
place,PLACE-KING-GEORGES-HALL-BLACKBURN,registers/places/concert_venues_7abis.md,Lieux de concerts (suite) — venues joydiv débloqués (étape 7a-bis),"King George's Hall, Blackburn",salle,salle_spectacle,"[""joydiv""]",Venue de concert de Joy Division (source joydiv.org).,53.74893,-2.48597,exacte,"Regroupe les graphies « King George's Hall » et « King Georges Hall » (même lieu). Coordonnees: ""batiment stable, Northgate, BB2 1AA. Source: visitlancashire.com""",,,,,,,,,,,,,,,,,,,,,,
place,PLACE-KING-KONG-ANTWERPEN,registers/places/concert_venues_7abis.md,Lieux de concerts (suite) — venues joydiv débloqués (étape 7a-bis),"King Kong, Antwerp",salle,club,"[""joydiv""]",Venue de concert de Joy Division (source joydiv.org).,,,,,,,,,,,,,,,,,,,,,,,,,,
place,PLACE-LANCASTER-UNIVERSITY,registers/places/concert_venues_7abis.md,Lieux de concerts (suite) — venues joydiv débloqués (étape 7a-bis),Lancaster University,education,universite,"[""joydiv""]",Venue de concert de Joy Division (source joydiv.org).,54.00617,-2.78466,quartier,"campus Bailrigg, pas d'une salle precise. Source: lancaster.ac.uk",,,,,,,,,,,,,,,,,,,,,,
place,PLACE-LANTAREN-ROTTERDAM,registers/places/concert_venues_7abis.md,Lieux de concerts (suite) — venues joydiv débloqués (étape 7a-bis),"Lantaren, Rotterdam",salle,club,"[""joydiv""]",Venue de concert de Joy Division (source joydiv.org).,,,,,,,,,,,,,,,,,,,,,,,,,,
place,PLACE-LEIGH-FESTIVAL,registers/places/concert_venues_7abis.md,Lieux de concerts (suite) — venues joydiv débloqués (étape 7a-bis),Leigh Open Air Festival (Zoo/Factory),salle,festival,"[""joydiv""]",Venue de concert de Joy Division (source joydiv.org).,,,,,,,,,,,,,,,,,,,,,,,,,,
place,PLACE-LIMIT-CLUB-SHEFFIELD,registers/places/concert_venues_7abis.md,Lieux de concerts (suite) — venues joydiv débloqués (étape 7a-bis),"Limit Club, Sheffield",salle,club,"[""joydiv""]",Venue de concert de Joy Division (source joydiv.org).,,,,,,,,,,,,,,,,,,,,,,,,,,
place,PLACE-LOUGHBOROUGH-UNIVERSITY,registers/places/concert_venues_7abis.md,Lieux de concerts (suite) — venues joydiv débloqués (étape 7a-bis),Loughborough University,education,universite,"[""joydiv""]",Venue de concert de Joy Division (source joydiv.org).,52.7648,-1.228,quartier,campus etendu ; point central acceptable. Source: lboro.ac.uk,,,,,,,,,,,,,,,,,,,,,,
place,PLACE-LYCEUM-LONDON,registers/places/concert_venues_7abis.md,Lieux de concerts (suite) — venues joydiv débloqués (étape 7a-bis),"The Lyceum, London",salle,salle_concert,"[""joydiv""]",Venue de concert de Joy Division (source joydiv.org).,51.51154,-0.12008,exacte,21 Wellington Street ; batiment stable. Source: latlong.net,,,,,,,,,,,,,,,,,,,,,,
place,PLACE-MANCHESTER-POLYTECHNIC,registers/places/concert_venues_7abis.md,Lieux de concerts (suite) — venues joydiv débloqués (étape 7a-bis),Manchester Polytechnic,education,polytechnique,"[""joydiv""]",Venue de concert de Joy Division (source joydiv.org).,53.47053,-2.23872,quartier,ancien Manchester Polytechnic ; campus All Saints. Source: mmu.ac.uk,,,,,,,,,,,,,,,,,,,,,,
place,PLACE-METRO-PLYMOUTH,registers/places/concert_venues_7abis.md,Lieux de concerts (suite) — venues joydiv débloqués (étape 7a-bis),"Metro, Plymouth",salle,club,"[""joydiv""]",Venue de concert de Joy Division (source joydiv.org).,,,,,,,,,,,,,,,,,,,,,,,,,,
place,PLACE-MOUNTFORD-HALL-LIVERPOOL,registers/places/concert_venues_7abis.md,Lieux de concerts (suite) — venues joydiv débloqués (étape 7a-bis),Mountford Hall (Liverpool University),salle,salle_universitaire,"[""joydiv""]",Venue de concert de Joy Division (source joydiv.org).,,,,,,,,,,,,,,,,,,,,,,,,,,
place,PLACE-NEW-THEATRE-OXFORD,registers/places/concert_venues_7abis.md,Lieux de concerts (suite) — venues joydiv débloqués (étape 7a-bis),"New Theatre, Oxford",salle,theatre,"[""joydiv""]",Venue de concert de Joy Division (source joydiv.org).,,,,,,,,,,,,,,,,,,,,,,,,,,
place,PLACE-NEWCASTLE-CITY-HALL,registers/places/concert_venues_7abis.md,Lieux de concerts (suite) — venues joydiv débloqués (étape 7a-bis),Newcastle City Hall,salle,salle_concert,"[""joydiv""]",Venue de concert de Joy Division (source joydiv.org).,,,,,,,,,,,,,,,,,,,,,,,,,,
place,PLACE-NEWCASTLE-GUILDHALL,registers/places/concert_venues_7abis.md,Lieux de concerts (suite) — venues joydiv débloqués (étape 7a-bis),Newcastle Guildhall,salle,salle_municipale,"[""joydiv""]",Venue de concert de Joy Division (source joydiv.org).,,,,Regroupe les graphies joydiv « Guild Hall » et « Guildhall » (même lieu).,,,,,,,,,,,,,,,,,,,,,,
place,PLACE-ODEON-BIRMINGHAM,registers/places/concert_venues_7abis.md,Lieux de concerts (suite) — venues joydiv débloqués (étape 7a-bis),"Odeon, Birmingham",salle,cinema_salle,"[""joydiv""]",Venue de concert de Joy Division (source joydiv.org).,,,,,,,,,,,,,,,,,,,,,,,,,,
place,PLACE-ODEON-CANTERBURY,registers/places/concert_venues_7abis.md,Lieux de concerts (suite) — venues joydiv débloqués (étape 7a-bis),"Odeon, Canterbury",salle,cinema_salle,"[""joydiv""]",Venue de concert de Joy Division (source joydiv.org).,,,,,,,,,,,,,,,,,,,,,,,,,,
place,PLACE-ODEON-EDINBURGH,registers/places/concert_venues_7abis.md,Lieux de concerts (suite) — venues joydiv débloqués (étape 7a-bis),"Odeon, Edinburgh",salle,cinema_salle,"[""joydiv""]",Venue de concert de Joy Division (source joydiv.org).,,,,,,,,,,,,,,,,,,,,,,,,,,
place,PLACE-OLYMPIA-DUBLIN,registers/places/concert_venues_7abis.md,Lieux de concerts (suite) — venues joydiv débloqués (étape 7a-bis),"Olympia Theatre, Dublin",salle,theatre,"[""joydiv""]",Venue de concert de Joy Division (source joydiv.org).,,,,,,,,,,,,,,,,,,,,,,,,,,
place,PLACE-PAARD-VAN-TROJE-THE-HAGUE,registers/places/concert_venues_7abis.md,Lieux de concerts (suite) — venues joydiv débloqués (étape 7a-bis),"Paard van Troje, The Hague",salle,club,"[""joydiv""]",Venue de concert de Joy Division (source joydiv.org).,,,,,,,,,,,,,,,,,,,,,,,,,,
place,PLACE-PAVILION-HEMEL-HEMPSTEAD,registers/places/concert_venues_7abis.md,Lieux de concerts (suite) — venues joydiv débloqués (étape 7a-bis),"Pavilion, Hemel Hempstead",salle,salle_spectacle,"[""joydiv""]",Venue de concert de Joy Division (source joydiv.org).,,,,,,,,,,,,,,,,,,,,,,,,,,
place,PLACE-PLAYHOUSE-THEATRE-NOTTINGHAM,registers/places/concert_venues_7abis.md,Lieux de concerts (suite) — venues joydiv débloqués (étape 7a-bis),"Playhouse Theatre, Nottingham",salle,theatre,"[""joydiv""]",Venue de concert de Joy Division (source joydiv.org).,,,,,,,,,,,,,,,,,,,,,,,,,,
place,PLACE-REVOLUTION-CLUB-YORK,registers/places/concert_venues_7abis.md,Lieux de concerts (suite) — venues joydiv débloqués (étape 7a-bis),"Revolution Club, York",salle,club,"[""joydiv""]",Venue de concert de Joy Division (source joydiv.org).,,,,,,,,,,,,,,,,,,,,,,,,,,
place,PLACE-ROMULUS-CLUB-BIRMINGHAM,registers/places/concert_venues_7abis.md,Lieux de concerts (suite) — venues joydiv débloqués (étape 7a-bis),"Romulus Club, Birmingham",salle,club,"[""joydiv""]",Venue de concert de Joy Division (source joydiv.org).,,,,,,,,,,,,,,,,,,,,,,,,,,
place,PLACE-ROYALTY-THEATRE-LONDON,registers/places/concert_venues_7abis.md,Lieux de concerts (suite) — venues joydiv débloqués (étape 7a-bis),"Royalty Theatre, London",salle,theatre,"[""joydiv""]",Venue de concert de Joy Division (source joydiv.org).,,,,,,,,,,,,,,,,,,,,,,,,,,
place,PLACE-SCALA-CINEMA-LONDON,registers/places/concert_venues_7abis.md,Lieux de concerts (suite) — venues joydiv débloqués (étape 7a-bis),"Scala Cinema, London",salle,cinema_salle,"[""joydiv""]",Venue de concert de Joy Division (source joydiv.org).,,,,,,,,,,,,,,,,,,,,,,,,,,
place,PLACE-SHEFFIELD-POLYTECHNIC,registers/places/concert_venues_7abis.md,Lieux de concerts (suite) — venues joydiv débloqués (étape 7a-bis),Sheffield Polytechnic,education,polytechnique,"[""joydiv""]",Venue de concert de Joy Division (source joydiv.org).,,,,,,,,,,,,,,,,,,,,,,,,,,
place,PLACE-SOPHIA-GARDENS-CARDIFF,registers/places/concert_venues_7abis.md,Lieux de concerts (suite) — venues joydiv débloqués (étape 7a-bis),"Sophia Gardens Pavilion, Cardiff",salle,salle_spectacle,"[""joydiv""]",Venue de concert de Joy Division (source joydiv.org).,,,,,,,,,,,,,,,,,,,,,,,,,,
place,PLACE-SOUTHAMPTON-UNIVERSITY,registers/places/concert_venues_7abis.md,Lieux de concerts (suite) — venues joydiv débloqués (étape 7a-bis),Southampton University,education,universite,"[""joydiv""]",Venue de concert de Joy Division (source joydiv.org).,,,,,,,,,,,,,,,,,,,,,,,,,,
place,PLACE-ST-ANDREWS-UNIVERSITY,registers/places/concert_venues_7abis.md,Lieux de concerts (suite) — venues joydiv débloqués (étape 7a-bis),St Andrews University,education,universite,"[""joydiv""]",Venue de concert de Joy Division (source joydiv.org).,,,,,,,,,,,,,,,,,,,,,,,,,,
place,PLACE-ST-GEORGES-HALL-BRADFORD,registers/places/concert_venues_7abis.md,Lieux de concerts (suite) — venues joydiv débloqués (étape 7a-bis),"St George's Hall, Bradford",salle,salle_spectacle,"[""joydiv""]",Venue de concert de Joy Division (source joydiv.org).,,,,,,,,,,,,,,,,,,,,,,,,,,
place,PLACE-STOCKPORT-COLLEGE,registers/places/concert_venues_7abis.md,Lieux de concerts (suite) — venues joydiv débloqués (étape 7a-bis),Stockport College of Technology,education,college_technique,"[""joydiv""]",Venue de concert de Joy Division (source joydiv.org).,,,,,,,,,,,,,,,,,,,,,,,,,,
place,PLACE-THE-VENUE-MANCHESTER,registers/places/concert_venues_7abis.md,Lieux de concerts (suite) — venues joydiv débloqués (étape 7a-bis),"The Venue, Manchester",salle,club,"[""joydiv""]",Venue de concert de Joy Division (source joydiv.org).,,,,,,,,,,,,,,,,,,,,,,,,,,
place,PLACE-TIFFANYS-LEICESTER,registers/places/concert_venues_7abis.md,Lieux de concerts (suite) — venues joydiv débloqués (étape 7a-bis),"Tiffany's, Leicester",salle,club,"[""joydiv""]",Venue de concert de Joy Division (source joydiv.org).,,,,,,,,,,,,,,,,,,,,,,,,,,
place,PLACE-TOP-RANK-READING,registers/places/concert_venues_7abis.md,Lieux de concerts (suite) — venues joydiv débloqués (étape 7a-bis),"Top Rank, Reading",salle,salle_concert,"[""joydiv""]",Venue de concert de Joy Division (source joydiv.org).,,,,,,,,,,,,,,,,,,,,,,,,,,
place,PLACE-TOP-RANK-SHEFFIELD,registers/places/concert_venues_7abis.md,Lieux de concerts (suite) — venues joydiv débloqués (étape 7a-bis),"Top Rank, Sheffield",salle,salle_concert,"[""joydiv""]",Venue de concert de Joy Division (source joydiv.org).,,,,,,,,,,,,,,,,,,,,,,,,,,
place,PLACE-TRINITY-HALL-BRISTOL,registers/places/concert_venues_7abis.md,Lieux de concerts (suite) — venues joydiv débloqués (étape 7a-bis),"Trinity Hall, Bristol",salle,salle_concert,"[""joydiv""]",Venue de concert de Joy Division (source joydiv.org).,,,,,,,,,,,,,,,,,,,,,,,,,,
place,PLACE-ULSTER-HALL-BELFAST,registers/places/concert_venues_7abis.md,Lieux de concerts (suite) — venues joydiv débloqués (étape 7a-bis),"Ulster Hall, Belfast",salle,salle_concert,"[""joydiv""]",Venue de concert de Joy Division (source joydiv.org).,,,,,,,,,,,,,,,,,,,,,,,,,,
place,PLACE-UNIVERSITY-OF-KENT,registers/places/concert_venues_7abis.md,Lieux de concerts (suite) — venues joydiv débloqués (étape 7a-bis),"University of Kent, Canterbury",education,universite,"[""joydiv""]",Venue de concert de Joy Division (source joydiv.org).,,,,,,,,,,,,,,,,,,,,,,,,,,
place,PLACE-UNIVERSITY-OF-LONDON-UNION,registers/places/concert_venues_7abis.md,Lieux de concerts (suite) — venues joydiv débloqués (étape 7a-bis),University of London Union (ULU),education,union_etudiante,"[""joydiv""]",Venue de concert de Joy Division (source joydiv.org).,,,,,,,,,,,,,,,,,,,,,,,,,,
place,PLACE-WEST-RUNTON-PAVILION,registers/places/concert_venues_7abis.md,Lieux de concerts (suite) — venues joydiv débloqués (étape 7a-bis),West Runton Pavilion,salle,salle_concert,"[""joydiv""]",Venue de concert de Joy Division (source joydiv.org).,,,,,,,,,,,,,,,,,,,,,,,,,,
place,PLACE-WYTHENSHAWE-COLLEGE,registers/places/concert_venues_7abis.md,Lieux de concerts (suite) — venues joydiv débloqués (étape 7a-bis),"Wythenshawe College, Manchester",education,college,"[""joydiv""]",Venue de concert de Joy Division (source joydiv.org).,,,,,,,,,,,,,,,,,,,,,,,,,,
place,PLACE-9-30-CLUB-WASHINGTON,registers/places/concert_venues_7b2.md,Lieux de concerts (suite) — tournée US-Canada annulée (étape 7b-2),"9:30 Club, Washington D.C.",salle,club,"[""joydiv""]","Venue programmé de la tournée US-Canada (mai-juin 1980), annulée ; concert non tenu.",,,,,,,,,,,,,,,,,,,,,,,,,,
place,PLACE-AMERICAN-INDIAN-CENTER-SAN-FRANCISCO,registers/places/concert_venues_7b2.md,Lieux de concerts (suite) — tournée US-Canada annulée (étape 7b-2),"American Indian Center, San Francisco",salle,salle_polyvalente,"[""joydiv""]","Venue programmé de la tournée US-Canada (mai-juin 1980), annulée ; concert non tenu.",,,,,,,,,,,,,,,,,,,,,,,,,,
place,PLACE-BOOKIES-DETROIT,registers/places/concert_venues_7b2.md,Lieux de concerts (suite) — tournée US-Canada annulée (étape 7b-2),"Bookie's Club 870, Detroit",salle,club,"[""joydiv""]","Venue programmé de la tournée US-Canada (mai-juin 1980), annulée ; concert non tenu.",,,,,,,,,,,,,,,,,,,,,,,,,,
place,PLACE-DUFFYS-MINNEAPOLIS,registers/places/concert_venues_7b2.md,Lieux de concerts (suite) — tournée US-Canada annulée (étape 7b-2),"Duffy's, Minneapolis",salle,club,"[""joydiv""]","Venue programmé de la tournée US-Canada (mai-juin 1980), annulée ; concert non tenu.",,,,,,,,,,,,,,,,,,,,,,,,,,
place,PLACE-FLIPPERS-LOS-ANGELES,registers/places/concert_venues_7b2.md,Lieux de concerts (suite) — tournée US-Canada annulée (étape 7b-2),"Flipper's, Los Angeles",salle,club,"[""joydiv""]","Venue programmé de la tournée US-Canada (mai-juin 1980), annulée ; concert non tenu.",,,,,,,,,,,,,,,,,,,,,,,,,,
place,PLACE-HURRAH-NEW-YORK,registers/places/concert_venues_7b2.md,Lieux de concerts (suite) — tournée US-Canada annulée (étape 7b-2),"Hurrah, New York",salle,club,"[""joydiv""]","Venue programmé de la tournée US-Canada (mai-juin 1980), annulée ; concert non tenu.",,,,,,,,,,,,,,,,,,,,,,,,,,
place,PLACE-MACHINISTS-HALL-NEW-YORK,registers/places/concert_venues_7b2.md,Lieux de concerts (suite) — tournée US-Canada annulée (étape 7b-2),"Machinist's Hall, New York",salle,salle_polyvalente,"[""joydiv""]","Venue programmé de la tournée US-Canada (mai-juin 1980), annulée ; concert non tenu.",,,,,,,,,,,,,,,,,,,,,,,,,,
place,PLACE-MERLYNS-MADISON,registers/places/concert_venues_7b2.md,Lieux de concerts (suite) — tournée US-Canada annulée (étape 7b-2),"Merlyn's, Madison",salle,club,"[""joydiv""]","Venue programmé de la tournée US-Canada (mai-juin 1980), annulée ; concert non tenu.",,,,,,,,,,,,,,,,,,,,,,,,,,
place,PLACE-STARWOOD-LOS-ANGELES,registers/places/concert_venues_7b2.md,Lieux de concerts (suite) — tournée US-Canada annulée (étape 7b-2),"The Starwood, Los Angeles",salle,club,"[""joydiv""]","Venue programmé de la tournée US-Canada (mai-juin 1980), annulée ; concert non tenu.",,,,,,,,,,,,,,,,,,,,,,,,,,
place,PLACE-THE-EDGE-TORONTO,registers/places/concert_venues_7b2.md,Lieux de concerts (suite) — tournée US-Canada annulée (étape 7b-2),"The Edge, Toronto",salle,club,"[""joydiv""]","Venue programmé de la tournée US-Canada (mai-juin 1980), annulée ; concert non tenu.",,,,,,,,,,,,,,,,,,,,,,,,,,
place,PLACE-THE-UNDERGROUND-BOSTON,registers/places/concert_venues_7b2.md,Lieux de concerts (suite) — tournée US-Canada annulée (étape 7b-2),"The Underground, Boston",salle,club,"[""joydiv""]","Venue programmé de la tournée US-Canada (mai-juin 1980), annulée ; concert non tenu.",,,,,,,,,,,,,,,,,,,,,,,,,,
place,PLACE-TIER-3-NEW-YORK,registers/places/concert_venues_7b2.md,Lieux de concerts (suite) — tournée US-Canada annulée (étape 7b-2),"Tier 3, New York",salle,club,"[""joydiv""]","Venue programmé de la tournée US-Canada (mai-juin 1980), annulée ; concert non tenu.",,,,,,,,,,,,,,,,,,,,,,,,,,
place,PLACE-TUTS-CHICAGO,registers/places/concert_venues_7b2.md,Lieux de concerts (suite) — tournée US-Canada annulée (étape 7b-2),"Tuts, Chicago",salle,club,"[""joydiv""]","Venue programmé de la tournée US-Canada (mai-juin 1980), annulée ; concert non tenu.",,,,,,,,,,,,,,,,,,,,,,,,,,
place,PLACE-RUSSELL-CLUB,registers/places/concert_venues_v2.md,Lieux de concerts — extension du registre des lieux (étape 7a),Russell Club (The Factory),salle,club,"[""S41"", ""S45""]","Club de Royce Road, Hulme ; siège des soirées « The Factory » (Wilson/Erasmus) et venue récurrent de Joy Division.",,,,,,,,,,,,,,,,,,,,,,,,,,
place,PLACE-BAND-ON-THE-WALL,registers/places/concert_venues_v2.md,Lieux de concerts — extension du registre des lieux (étape 7a),Band on the Wall,salle,salle_concert,"[""S41"", ""S76""]","Salle de Swan Street, Manchester ; concert de Joy Division (deal Factory annoncé).",,,,,,,,,,,,,,,,,,,,,,,,,,
place,PLACE-KELLYS-MANCHESTER,registers/places/concert_venues_v2.md,Lieux de concerts — extension du registre des lieux (étape 7a),Kelly's,salle,club,"[""S41""]",Club de Manchester ; concert Rock Against Racism de Joy Division.,,,,,,,,,,,,,,,,,,,,,,,,,,
place,PLACE-PIPERS-CYPRUS-TAVERN,registers/places/concert_venues_v2.md,Lieux de concerts — extension du registre des lieux (étape 7a),Pipers (Cyprus Tavern),salle,club,"[""S76""]","Soirée « Pipers » au Cyprus Tavern, Princess Street, Manchester ; concert de Warsaw. Distinct du club « Pips » (PLACE-PIPS).",,,,,,,,,,,,,,,,,,,,,,,,,,
place,PLACE-MANCHESTER-APOLLO,registers/places/concert_venues_v2.md,Lieux de concerts — extension du registre des lieux (étape 7a),Manchester Apollo,salle,salle_concert,"[""S76""]",Grande salle de Manchester ; concert de Joy Division (tournée nationale 1979).,,,,,,,,,,,,,,,,,,,,,,,,,,
place,PLACE-OLDHAM-TOWER-CLUB,registers/places/concert_venues_v2.md,Lieux de concerts — extension du registre des lieux (étape 7a),Oldham Tower Club,salle,club,"[""S41""]",Tower Club d'Oldham ; concert de Warsaw/Joy Division devant un public quasi nul.,,,,,,,,,,,,,,,,,,,,,,,,,,
place,PLACE-CHECK-INN-ALTRINCHAM,registers/places/concert_venues_v2.md,Lieux de concerts — extension du registre des lieux (étape 7a),"Check Inn, Altrincham",salle,club,"[""S41"", ""S45""]",Club d'Altrincham ; concert de Joy Division.,,,,,,,,,,,,,,,,,,,,,,,,,,
place,PLACE-BOWDON-VALE-YOUTH-CLUB,registers/places/concert_venues_v2.md,Lieux de concerts — extension du registre des lieux (étape 7a),Bowdon Vale Youth Club,salle,youth_club,"[""S41"", ""S76""]",Youth club de la région d'Altrincham ; concert filmé par Malcolm Whitehead (« She's Lost Control »).,,,,,,,,,,,,,,,,,,,,,,,,,,
place,PLACE-NEW-OSBOURNE-CLUB,registers/places/concert_venues_v2.md,Lieux de concerts — extension du registre des lieux (étape 7a),New Osbourne Club,salle,club,"[""S45""]",Club de Manchester ; concert bénéfice *City Fun*.,53.4869,-2.2239,exacte,255 Oldham Road M4 ; aussi Factory II / New Electric Circus ; demoli. Source: joydiv.org/places.htm,,,,,,,,,,,,,,,,,,,,,,
place,PLACE-SALFORD-TECHNICAL-COLLEGE,registers/places/concert_venues_v2.md,Lieux de concerts — extension du registre des lieux (étape 7a),Salford Technical College,education,college_technique,"[""S41"", ""S76"", ""S83""]",Établissement de Salford ; concert de Warsaw (avec Drones / Slaughter & The Dogs / V2).,,,,"Canonique sémantique de l'institution technique de Salford. Réconciliation (étape 7b-1) : PLACE-S83-004 (« Salford Technical School », facette S83 / rencontre Hannett 1977) porte désormais same_as vers ce canonique ; la mention joydiv « Salford College of Technology » désigne le même établissement. Variance de nom (School / College) conservée, statut S83 a_verifier inchangé. | Réconcilié (étape 7b-1) vers le canonique sémantique PLACE-SALFORD-TECHNICAL-COLLEGE : même institution d'enseignement technique de Salford où Warsaw joue en octobre 1977 (joydiv : « Salford College of Technology ») et où Hannett rencontre le groupe en 1977. Variance de nom conservée (« School » côté S83 / « College » côté venue), statut a_verifier inchangé.",,,"[""Salford Technical School""]","[""Chapitre 1"", ""Chapitre 3""]","[""PLACE-S83-004""]","[""registers/places/concert_venues_v2.md"", ""registers/s83_hannett_architecture_specialized_registers.md""]","155, 169","186, 201","John S. Greenwood, Paul Tarpey, Manchester, Martin Hannett and Joy Division's Pungent Architecture, 2018",2018,"a_verifier — note 1 du chapitre, via Reynolds 2008","[""lieu_historique_rencontre""]",,,,,,,,,,
place,PLACE-ERICS-LIVERPOOL,registers/places/concert_venues_v2.md,Lieux de concerts — extension du registre des lieux (étape 7a),Eric's,salle,club,"[""S41"", ""S76""]","Club emblématique de Mathew Street, Liverpool ; concerts de Joy Division (dont avec les Rich Kids).",53.40654,-2.98753,exacte,"Mathew Street, Liverpool L2 ; club ferme 1980. Source: en.wikipedia.org/wiki/Eric%27s_Club",,"[""wikidata:Q5388790""]",,,,,,,,,,,,,,,,,,,,
place,PLACE-SWINGING-APPLE-LIVERPOOL,registers/places/concert_venues_v2.md,Lieux de concerts — extension du registre des lieux (étape 7a),"Swinging Apple, Liverpool",salle,club,"[""S41"", ""S76""]",Club de Liverpool ; dernier concert sous le nom Warsaw (réveillon 1977).,,,,VARIANTE DE NOM (un seul lieu) : « Swinging Apple » (S41) / « Spinning Apple » (S76) — orthographe à trancher à la curation ; non dédoublé.,,,,,,,,,,,,,,,,,,,,,,
place,PLACE-LIVERPOOL-EMPIRE,registers/places/concert_venues_v2.md,Lieux de concerts — extension du registre des lieux (étape 7a),Liverpool Empire,salle,salle_spectacle,"[""S76""]","Théâtre de Liverpool ; concert de Lou Reed (1973) auquel assiste Ian Curtis — venue de concert d'un autre artiste, conservé comme lieu.",,,,,,,,,,,,,,,,,,,,,,,,,,
place,PLACE-QUEENS-HALL-LEEDS,registers/places/concert_venues_v2.md,Lieux de concerts — extension du registre des lieux (étape 7a),"Queen's Hall, Leeds",salle,salle_spectacle,"[""S41"", ""S45"", ""S76""]",Grande halle de Leeds ; hôte du Futurama Festival 1979 où joue Joy Division.,53.794,-1.5436,exacte,"Swinegate, Leeds ; ancien depot de tramway ; demoli 1989. Source: en.wikipedia.org/wiki/Queens_Hall,_Leeds",,,,,,,,,,,,,,,,,,,,,,
place,PLACE-LEEDS-UNIVERSITY,registers/places/concert_venues_v2.md,Lieux de concerts — extension du registre des lieux (étape 7a),Leeds University,education,universite,"[""S41""]",Université de Leeds ; concert de Joy Division (tournée Buzzcocks).,,,,,,,,,,,,,,,,,,,,,,,,,,
place,PLACE-ROOTS-CLUB-LEEDS,registers/places/concert_venues_v2.md,Lieux de concerts — extension du registre des lieux (étape 7a),"Roots Club, Leeds",salle,club,"[""S41""]",Club de Leeds ; concert de Joy Division avec la Durutti Column.,,,,,,,,,,,,,,,,,,,,,,,,,,
place,PLACE-FAN-CLUB-LEEDS,registers/places/concert_venues_v2.md,Lieux de concerts — extension du registre des lieux (étape 7a),"F Club (Brannigan's), Leeds",salle,club,"[""S41""]","Le « F Club » au Brannigan's, Leeds ; concert de Joy Division.",,,,,,,,,,,,,,,,,,,,,,,,,,
place,PLACE-ROCK-GARDEN-MIDDLESBROUGH,registers/places/concert_venues_v2.md,Lieux de concerts — extension du registre des lieux (étape 7a),"Rock Garden, Middlesbrough",salle,club,"[""S41""]",Club de Middlesbrough ; concert de Warsaw promu par Bob Last.,,,,,,,,,,,,,,,,,,,,,,,,,,
place,PLACE-NEWCASTLE-TOWN-HALL,registers/places/concert_venues_v2.md,Lieux de concerts — extension du registre des lieux (étape 7a),Newcastle Town Hall (annexe),salle,salle_municipale,"[""S41"", ""S76""]",Annexe du Town Hall de Newcastle ; concert de Warsaw avec Penetration.,,,,,,,,,,,,,,,,,,,,,,,,,,
place,PLACE-CAIRD-HALL-DUNDEE,registers/places/concert_venues_v2.md,Lieux de concerts — extension du registre des lieux (étape 7a),"Caird Hall, Dundee",salle,salle_spectacle,"[""S41""]",Salle de Dundee ; concert de Joy Division (tournée Buzzcocks) où Ian s'effondre.,,,,,,,,,,,,,,,,,,,,,,,,,,
place,PLACE-ROYAL-STANDARD-BRADFORD,registers/places/concert_venues_v2.md,Lieux de concerts — extension du registre des lieux (étape 7a),"Royal Standard, Bradford",salle,club,"[""S41""]",Pub-venue de Bradford ; concert de Joy Division.,,,,,,,,,,,,,,,,,,,,,,,,,,
place,PLACE-COACH-HOUSE-HUDDERSFIELD,registers/places/concert_venues_v2.md,Lieux de concerts — extension du registre des lieux (étape 7a),"Coach House, Huddersfield",salle,club,"[""S41""]",Salle de Huddersfield ; concert de Joy Division devant un public minuscule.,,,,,,,,,,,,,,,,,,,,,,,,,,
place,PLACE-WAREHOUSE-PRESTON,registers/places/concert_venues_v2.md,Lieux de concerts — extension du registre des lieux (étape 7a),"The Warehouse, Preston",salle,club,"[""S76""]",Club de Preston ; concert de Joy Division avec Section 25. Distinct de PLACE-WAREHOUSE-CHICAGO.,53.75918,-2.69928,exacte,"St Johns Place, off Church Street, Preston ; anciennement Raiders ; concert 28 fev 1980. Source: blogpreston.co.uk",,,,,,,,,,,,,,,,,,,,,,
place,PLACE-WINTER-GARDENS-MALVERN,registers/places/concert_venues_v2.md,Lieux de concerts — extension du registre des lieux (étape 7a),"Winter Gardens, Malvern",salle,salle_spectacle,"[""S76""]",Salle de Malvern ; concert de Joy Division.,,,,,,,,,,,,,,,,,,,,,,,,,,
place,PLACE-THE-SQUAT-MANCHESTER,registers/places/concert_venues_v2.md,Lieux de concerts — extension du registre des lieux (étape 7a),"The Squat, Manchester",salle,lieu_alternatif,"[""S41""]","Bâtiment universitaire désaffecté (Devas Street, Manchester) occupé ; plusieurs concerts de Warsaw (Stuff the Jubilee, Time's Up).",53.46485,-2.2329,quartier,"Devas Street M15 ; batiment demoli, Devas Street disparue, approxime pres Manchester Academy. Source: mdmarchive.co.uk",,,,,,,,,,,,,,,,,,,,,,
place,PLACE-DERBY-HALL-BURY,registers/places/concert_venues_v2.md,Lieux de concerts — extension du registre des lieux (étape 7a),"Derby Hall, Bury",salle,salle_spectacle,"[""S41"", ""S75"", ""S76""]","Salle du complexe municipal de Bury ; avant-dernier concert (8 avril 1980), Curtis très affaibli.",53.59286,-2.29641,exacte,"VARIANTE DE NOM (un seul lieu) : « Derby Hall, Bury » (S75/S76) et « Bury Town Hall » (S41) désignent le même complexe — non dédoublé. Coordonnees: ""Market Street, Bury ; Derby Hall / The Met ; concert chaotique 8 avril 1980. Source: themet.org.uk""",,,,,,,,,,,,,,,,,,,,,,
place,PLACE-AJANTA-THEATRE-DERBY,registers/places/concert_venues_v2.md,Lieux de concerts — extension du registre des lieux (étape 7a),"Ajanta Theatre, Derby",salle,salle_spectacle,"[""S41""]",Cinéma-théâtre de Derby ; avant-dernier concert de Joy Division (19 avril 1980).,,,,,,,,,,,,,,,,,,,,,,,,,,
place,PLACE-RAINBOW-THEATRE-LONDON,registers/places/concert_venues_v2.md,Lieux de concerts — extension du registre des lieux (étape 7a),"Rainbow Theatre, London",salle,salle_concert,"[""S41"", ""S45"", ""S75"", ""S76""]","Salle de Finsbury Park, Londres ; concerts de Joy Division (dont la crise de Curtis sous stroboscopes, 4 avril 1980).",51.56419,-0.10607,exacte,"232-238 Seven Sisters Road, Finsbury Park N4 ; batiment classe, aujourd'hui UCKG. Source: historicengland.org.uk",,,,,,,,,,,,,,,,,,,,,,
place,PLACE-ELECTRIC-BALLROOM-CAMDEN,registers/places/concert_venues_v2.md,Lieux de concerts — extension du registre des lieux (étape 7a),"Electric Ballroom, Camden",salle,salle_concert,"[""S41"", ""S76""]","Salle de Camden, Londres ; concerts de Joy Division.",51.54174,-0.14247,exacte,Camden High Street NW1 ; salle toujours active. Source: electricballroom.co.uk,,,,,,,,,,,,,,,,,,,,,,
place,PLACE-MOONLIGHT-CLUB-LONDON,registers/places/concert_venues_v2.md,Lieux de concerts — extension du registre des lieux (étape 7a),"Moonlight Club, West Hampstead",salle,club,"[""S76""]","Club de West Hampstead, Londres ; mini-résidence de Joy Division (avril 1980).",51.54638,-0.19114,exacte,"Railway Hotel, 100 West End Lane, West Hampstead NW6 ; Sister Ray publie sur Still. Source: pubwiki.co.uk",,,,,,,,,,,,,,,,,,,,,,
place,PLACE-YMCA-LONDON,registers/places/concert_venues_v2.md,Lieux de concerts — extension du registre des lieux (étape 7a),"YMCA, London",salle,salle_polyvalente,"[""S41""]",Centre YMCA de Londres ; concerts de Joy Division.,,,,"DÉSAMBIGUÏSATION INCERTAINE (non tranchée) : les mentions « YMCA Prince of Wales Conference Centre » (2 août 1979) et « YMCA, Tottenham Court Road » (1979) pourraient désigner UN ou DEUX lieux distincts — regroupé provisoirement sous un seul PLACE- ; à scinder à la curation si confirmé distinct.",,,,,,,,,,,,,,,,,,,,,,
place,PLACE-BRUNEL-UNIVERSITY,registers/places/concert_venues_v2.md,Lieux de concerts — extension du registre des lieux (étape 7a),"Brunel University, Uxbridge",education,universite,"[""S41""]","Université de Brunel, Uxbridge ; concert de Joy Division interrompu (crachats / coupure).",,,,,,,,,,,,,,,,,,,,,,,,,,
place,PLACE-WALTHAMSTOW-YOUTH-CLUB,registers/places/concert_venues_v2.md,Lieux de concerts — extension du registre des lieux (étape 7a),Walthamstow Youth Club,salle,youth_club,"[""S41""]","Youth club de Walthamstow, Londres ; concert de Joy Division (interview d'Annik Honoré après).",,,,,,,,,,,,,,,,,,,,,,,,,,
place,PLACE-ACKLAM-HALL-LONDON,registers/places/concert_venues_v2.md,Lieux de concerts — extension du registre des lieux (étape 7a),"Acklam Hall, London",salle,salle_concert,"[""S76""]","Salle sous l'autoroute (Ladbroke Grove), Londres ; concert de Joy Division le lendemain de la naissance de Natalie.",,,,,,,,,,,,,,,,,,,,,,,,,,
place,PLACE-HIGH-WYCOMBE-TOWN-HALL,registers/places/concert_venues_v2.md,Lieux de concerts — extension du registre des lieux (étape 7a),High Wycombe Town Hall,salle,salle_municipale,"[""S76""]",Town Hall de High Wycombe ; concert de Joy Division avec Killing Joke.,,,,,,,,,,,,,,,,,,,,,,,,,,
place,PLACE-LOCARNO-BRISTOL,registers/places/concert_venues_v2.md,Lieux de concerts — extension du registre des lieux (étape 7a),"Locarno, Bristol",salle,salle_concert,"[""S41""]","Salle de Bristol ; Joy Division fait la balance mais ne joue pas (éjection) — concert non tenu, lieu conservé.",,,,,,,,,,,,,,,,,,,,,,,,,,
place,PLACE-HOPE-AND-ANCHOR-LONDON,registers/places/concert_venues_v2.md,Lieux de concerts — extension du registre des lieux (étape 7a),"Hope & Anchor, Islington",salle,club,"[""S10"", ""S41"", ""S45"", ""S75"", ""S76""]","Pub-venue d'Islington, Londres ; premier concert londonien (27 déc. 1978), suivi de la première crise de Curtis. Composante GIG des bundles a_scinder.",51.54334,-0.10348,exacte,"207 Upper Street, Islington N1 1RL ; premiere apparition londonienne JD 27 dec 1978. Source: hopeandanchor.info",,"[""wikidata:Q15225054""]",,,,,,,,,,,,,,,,,,,,
place,PLACE-NASHVILLE-ROOMS-LONDON,registers/places/concert_venues_v2.md,Lieux de concerts — extension du registre des lieux (étape 7a),"Nashville Rooms, London",salle,club,"[""S41"", ""S76""]","Pub-venue de West Kensington, Londres ; concert (13 août 1979) où Annik Honoré voit le groupe. Composante GIG des bundles a_scinder.",51.49084,-0.20671,exacte,"171 North End Road, West Kensington W14 ; devenu Famous Three Kings. Source: discogs.com",,,,,,,,,,,,,,,,,,,,,,
place,PLACE-MARQUEE-LONDON,registers/places/concert_venues_v2.md,Lieux de concerts — extension du registre des lieux (étape 7a),"Marquee Club, London",salle,club,"[""S41""]","Club de Wardour Street, Londres ; concert de Joy Division en support de The Cure (4 mars 1979). Composante GIG d'un bundle a_scinder.",51.51319,-0.13381,exacte,"90 Wardour Street, Soho W1 ; site historique 1964-1988, ferme puis deplace. Source: en.wikipedia.org/wiki/Marquee_Club",,,,,,,,,,,,,,,,,,,,,,
place,PLACE-PLAN-K-BRUSSELS,registers/places/concert_venues_v2.md,Lieux de concerts — extension du registre des lieux (étape 7a),"Plan K, Brussels",salle,club,"[""S41"", ""S75"", ""S76""]",Espace culturel de Bruxelles ; concerts de Joy Division avec Cabaret Voltaire.,50.8493,4.3417,exacte,"21 rue de Manchester, Bruxelles / La Raffinerie ; concerts 16 oct 1979 et 17 jan 1980. Source: enkiri.com",,,,,,,,,,,,,,,,,,,,,,
place,PLACE-LES-BAINS-DOUCHES-PARIS,registers/places/concert_venues_v2.md,Lieux de concerts — extension du registre des lieux (étape 7a),"Les Bains Douches, Paris",salle,club,"[""S41"", ""S76""]",Club parisien ; concert de Joy Division (longue setlist).,48.86406,2.35208,exacte,"7 rue du Bourg-l'Abbe, Paris 3e ; concert 18 dec 1979 ; lieu reconverti. Source: lesbains-paris.com",,,,,,,,,,,,,,,,,,,,,,
place,PLACE-PARADISO-AMSTERDAM,registers/places/concert_venues_v2.md,Lieux de concerts — extension du registre des lieux (étape 7a),"Paradiso, Amsterdam",salle,salle_concert,"[""S76""]",Salle d'Amsterdam ; concert de la tournée européenne (janvier 1980).,52.36215,4.88381,exacte,"Weteringschans 6-8, Amsterdam ; ancienne eglise ; concert 11 jan 1980. Source: paradiso.nl",,,,,,,,,,,,,,,,,,,,,,
place,PLACE-BASEMENT-COLOGNE,registers/places/concert_venues_v2.md,Lieux de concerts — extension du registre des lieux (étape 7a),"Basement, Cologne",salle,club,"[""S76""]",Club underground de Cologne ; concert de la tournée européenne.,50.9407,6.9367,exacte,"Christuskirche, Herwarthstrasse, Koln ; salle en sous-sol de l'eglise ; concert 15 jan 1980. Source: christuskirche-koeln.de",,,,,,,,,,,,,,,,,,,,,,
place,PLACE-EFFENAAR-EINDHOVEN,registers/places/concert_venues_v2.md,Lieux de concerts — extension du registre des lieux (étape 7a),"Effenaar, Eindhoven",salle,salle_concert,"[""S76""]",Salle d'Eindhoven ; concert avec Minny Pops (tournée européenne).,51.44135,5.48186,exacte,"Dommelstraat 2, Eindhoven ; ancien site reconstruit 2005 ; concert 18 jan 1980. Source: cvent.com",,,,,,,,,,,,,,,,,,,,,,
place,PLACE-CENTRAL-SOUND-STUDIOS,registers/places/concert_venues_v2.md,Lieux de concerts — extension du registre des lieux (étape 7a),Central Sound Studios,studio,studio_enregistrement,"[""joydiv""]","91 St James Street, Manchester M1 ; premiere tentative enregistrement Transmission.",53.48057,-2.23558,exacte,91 St James Street M1 ; premiere tentative enregistrement Transmission. Source: joydiv.org/places.htm,,,,,,,,,,,,,,,,,,,,,,
place,PLACE-SUNLEY-BUILDING,registers/places/concert_venues_v2.md,Lieux de concerts — extension du registre des lieux (étape 7a),Sunley Building / Piccadilly Plaza,commerce,immeuble_bureau,"[""joydiv""]","Piccadilly Plaza, Manchester M1 ; Ian Curtis travaillait pour Manpower Services Commission.",53.47778,-2.23066,exacte,Piccadilly Plaza M1 ; Ian Curtis travaillait pour Manpower Services Commission. Source: en.wikipedia.org/wiki/Piccadilly_Plaza,,"[""wikidata:Q7194615""]",,,,,,,,,,,,,,,,,,,,
place,PLACE-ST-THOMAS-CHURCH-HENBURY,registers/places/concert_venues_v2.md,Lieux de concerts — extension du registre des lieux (étape 7a),"St Thomas's Church, Henbury",lieu_memoire,eglise,"[""joydiv""]","Henbury, near Macclesfield ; mariage Ian et Deborah Curtis 23 aout 1975.",53.27059,-2.17243,exacte,"Henbury, near Macclesfield ; mariage Ian et Deborah Curtis 23 aout 1975. Source: achurchnearyou.com/church/12824/",,,,,,,,,,,,,,,,,,,,,,
place,PLACE-MAIDA-VALE-STUDIOS,registers/places/concert_venues_v2.md,Lieux de concerts — extension du registre des lieux (étape 7a),Maida Vale Studios,studio,studio_bbc,"[""joydiv""]","Delaware Road, London W9 ; sessions John Peel Joy Division.",51.52969,-0.19149,exacte,"Delaware Road, London W9 ; sessions John Peel Joy Division. Source: en.wikipedia.org/wiki/Maida_Vale_Studios",,"[""wikidata:Q1807293""]",,,,,,,,,,,,,,,,,,,,
place,PLACE-CIMITERO-STAGLIENO-GENOVA,registers/places/concert_venues_v2.md,Lieux de concerts — extension du registre des lieux (étape 7a),Cimitero Monumentale di Staglieno,lieu_memoire,cimetiere,"[""joydiv""]","Piazzale Resasco, Genova ; source iconographique pochettes Closer et Love Will Tear Us Apart.",44.43007,8.95058,exacte,"Piazzale Resasco, Genova ; source iconographique pochettes Closer et Love Will Tear Us Apart. Source: staglieno.comune.genova.it",,"[""findagrave:1980114""]",,,,,,,,,,,,,,,,,,,,
place,PLACE-MANCHESTER,registers/specialized/s13_tomeo_interzone_rave_era.md,Lieux,Manchester,ville,ville,"[""S13"", ""S35"", ""S02-A003""]","Selon S13 : ville post-industrielle, scène punk/post-punk/rave, matrice critique du passage. | Selon S35 : Horizon d’événement, de concerts et de sortie de Macclesfield. | Selon S02 : Échelle municipale à distinguer de Greater Manchester et de l'aire urbaine.",53.4808,-2.2426,ville,,,"[""wikidata:Q18125""]","[""City of Manchester""]",,"[""PLACE-MANCHESTER-CITY""]","[""registers/specialized/s13_tomeo_interzone_rave_era.md"", ""registers/places/s35_morris_places_part_03.md"", ""registers/places/s02_sueur_places_manchester_shrinking_city_v2.md""]",,,,,,"[""municipalite""]",s13-lieux,"[""S35-A041"", ""S35-A042"", ""S35-A043""]",Ne pas lui attribuer mécaniquement les données de la conurbation ou de la région urbaine.,"[""s35-lieux-role""]",,,,,,
place,PLACE-GREATER-MANCHESTER,registers/places/s05_jeffery_tufail_jackson_places_public_order_v2.md,S05 — Compléments au registre des lieux — policing et ordre public dans le Greater Manchester,Greater Manchester,ville,comte_metropolitain,"[""S05-A002"", ""S05-A013"", ""S02-A003""]",Selon S05 : Échelle institutionnelle de Greater Manchester Police et de la reproduction d’un ordre social local. | Selon S02 : Échelle métropolitaine utile pour comprendre la recomposition de Manchester au-delà de son centre municipal.,53.59,-2.3,region,"Comté métropolitain — coordonnée = centroïde approximatif, non un point.",,,,,,"[""registers/places/s05_jeffery_tufail_jackson_places_public_order_v2.md"", ""registers/places/s02_sueur_places_manchester_shrinking_city_v2.md""]",,,,,,,,,"Préciser l'échelle lorsque les données portent sur population, emplois ou politiques urbaines.",,Échelle institutionnelle de Greater Manchester Police et de la reproduction d’un ordre social local.,,,,,
place,PLACE-HULME,registers/places/s20_dodge_places_housing_geographies_v2.md,S20 — Compléments au registre des lieux — géographies du logement mancunien,Hulme,quartier,quartier_inner_city,"[""S20-A008"", ""S20-A010"", ""S06"", ""S06-A001"", ""S06-A003"", ""S06-A012"", ""S02-A008""]","Selon S20 : Quartier central dans les politiques de dédensification, clearance et urban renewal. | Selon S06 : Quartier analysé comme inner-city estate, espace vécu et espace discursif. | Selon S02 : Quartier emblématique des expérimentations urbaines, des limites du logement moderniste et des politiques de renouvellement.",53.464,-2.247,quartier,,,"[""wikidata:Q3051137""]",,,,"[""registers/places/s20_dodge_places_housing_geographies_v2.md"", ""registers/places/s06_carter_places_hulme_lived_discursive_space_v2.md"", ""registers/places/s02_sueur_places_manchester_shrinking_city_v2.md""]",,,,,,"[""quartier""]",,,Croiser S20 avec S06 pour l'expérience vécue de Hulme. | Ne pas réduire Hulme à un décor de ruine moderniste. | Croiser S02 avec S06 et les sources spécialisées sur Hulme.,,,"Quartier analysé comme inner-city estate, espace vécu et espace discursif.",,,,
place,PLACE-MANCHESTER-CENTRE,registers/places/s02_sueur_places_manchester_shrinking_city_v2.md,"S02 — Compléments au registre des lieux — Manchester, Greater Manchester, Hulme",Centre-ville de Manchester,ville,centralite_urbaine,"[""S02-A005"", ""S02-A006"", ""S02-A007""]","Espace de reconstruction, marketing territorial et recomposition après la crise urbaine et l'attentat de 1996.",53.4794,-2.2453,quartier,,,,,,,,,,,,,,,,Ne pas confondre renaissance du centre et transformation sociale homogène de toute la ville.,,,,,,,
place,PLACE-HYDE,registers/places/s05_jeffery_tufail_jackson_places_public_order_v2.md,S05 — Compléments au registre des lieux — policing et ordre public dans le Greater Manchester,Hyde,ville,ville_greater_manchester,"[""S05-A005""]",Lieu de mobilisation du National Front en 1977 et de policing antifasciste.,53.451,-2.081,ville,,,,,,,,,,,,,,,,,,Lieu de mobilisation du National Front en 1977 et de policing antifasciste.,,,,,
place,PLACE-BOLTON,registers/places/s05_jeffery_tufail_jackson_places_public_order_v2.md,S05 — Compléments au registre des lieux — policing et ordre public dans le Greater Manchester,Bolton,ville,ville_greater_manchester,"[""S05-A005""]",Lieu de confrontation National Front / antifascistes en 1978.,53.578,-2.429,ville,,,,,,,,,,,,,,,,,,Lieu de confrontation National Front / antifascistes en 1978.,,,,,
place,PLACE-MOSS-SIDE,registers/places/s06_carter_places_hulme_lived_discursive_space_v2.md,S06 — Compléments au registre des lieux — Hulme vécu et représenté,Moss Side,quartier,quartier_inner_city,"[""S06-A004"", ""S05-A006""]","Selon S06 : Quartier voisin souvent amalgamé à Hulme par la presse dans les récits du Bronx of Britain. | Selon S05 : Espace central des tensions racialisées entre GMP et communautés afro-caribéennes, notamment en 1981.",53.453,-2.249,quartier,,,,,,,"[""registers/places/s06_carter_places_hulme_lived_discursive_space_v2.md"", ""registers/places/s05_jeffery_tufail_jackson_places_public_order_v2.md""]",,,,,,,,,Ne pas confondre Hulme et Moss Side malgré les amalgames médiatiques. | Croiser avec sources locales si usage factuel détaillé.,,"Espace central des tensions racialisées entre GMP et communautés afro-caribéennes, notamment en 1981.",Quartier voisin souvent amalgamé à Hulme par la presse dans les récits du Bronx of Britain.,,,,
place,PLACE-UNIVERSITY-OF-MANCHESTER,registers/places/s05_jeffery_tufail_jackson_places_public_order_v2.md,S05 — Compléments au registre des lieux — policing et ordre public dans le Greater Manchester,University of Manchester,education,universite,"[""S05-A007""]",Lieu de la Battle of Brittan en 1985.,53.4668,-2.2339,exacte,,,"[""wikidata:Q230899""]",,,,,,,,,,,,,,,Lieu de la Battle of Brittan en 1985.,,,,,
place,PLACE-ORDSALL,registers/places/s10_sumner_places_salford_formation_sound_v2.md,"S10 — Compléments au registre des lieux — Salford, Manchester, Factory et studio",Ordsall,quartier,quartier_salford,"[""S10-A005"", ""S05-A009""]","Selon S10 : Lieu de la scène nocturne des lampadaires au sodium que Sumner associe au son de Joy Division. | Selon S05 : Lieu de l’émeute de 1992, articulant désindustrialisation, policing lourd, gentrification et réputation de no-go area.",53.474,-2.272,quartier,,,,,,,"[""registers/places/s10_sumner_places_salford_formation_sound_v2.md"", ""registers/places/s05_jeffery_tufail_jackson_places_public_order_v2.md""]",,,,,,,,,,,"Lieu de l’émeute de 1992, articulant désindustrialisation, policing lourd, gentrification et réputation de no-go area.",,Lieu de la scène nocturne des lampadaires au sodium que Sumner associe au son de Joy Division.,,,
place,PLACE-OLDHAM,registers/places/s05_jeffery_tufail_jackson_places_public_order_v2.md,S05 — Compléments au registre des lieux — policing et ordre public dans le Greater Manchester,Oldham,ville,ville_greater_manchester,"[""S05-A010""]","Lieu des émeutes de 2001, de racialisation du désordre et de discours de community cohesion.",53.5409,-2.1183,ville,,,,,,,,,,,,,,,,,,"Lieu des émeutes de 2001, de racialisation du désordre et de discours de community cohesion.",,,,,
place,PLACE-BARTON-MOSS,registers/places/s05_jeffery_tufail_jackson_places_public_order_v2.md,S05 — Compléments au registre des lieux — policing et ordre public dans le Greater Manchester,Barton Moss,lieu_memoire,site_protestation,"[""S05-A012""]","Site des protestations anti-fracking, cas contemporain de policing d’un conflit environnemental et économique.",,,,,,,,,,,,,,,,,,,,,"Site des protestations anti-fracking, cas contemporain de policing d’un conflit environnemental et économique.",,,,,
place,PLACE-HULME-CRESCENTS,registers/places/s06_carter_places_hulme_lived_discursive_space_v2.md,S06 — Compléments au registre des lieux — Hulme vécu et représenté,Hulme Crescents,habitat,estate_moderniste,"[""S06-A002"", ""S06-A005"", ""S83""]","Ensemble de logements multi-storey et deck-access associé à démolition, stigmate et redevelopment.",53.461,-2.252,quartier,"Ensemble démoli (1991-1995) ; coordonnée du secteur, non d'un bâtiment.",,,,"[""Chapitre 1""]","[""PLACE-S83-002""]","[""registers/places/s06_carter_places_hulme_lived_discursive_space_v2.md"", ""registers/s83_hannett_architecture_specialized_registers.md""]",159–161,190–192,"John S. Greenwood, Paul Tarpey, Manchester, Martin Hannett and Joy Division's Pungent Architecture, 2018",2018,verifie,"[""cité_habitation_post_guerre""]",,,"Distinguer forme bâtie, discours médiatique et vécu des habitants.",,,"Ensemble de logements multi-storey et deck-access associé à démolition, stigmate et redevelopment.",,,,
place,PLACE-SALE,registers/places/s06_carter_places_hulme_lived_discursive_space_v2.md,S06 — Compléments au registre des lieux — Hulme vécu et représenté,Sale,habitat,suburb,"[""S06-A007""]",Point de comparaison suburbain dans le récit de Jason sur les jugements extérieurs portés sur Hulme.,53.424,-2.322,ville,,,,,,,,,,,,,,,,,,,Point de comparaison suburbain dans le récit de Jason sur les jugements extérieurs portés sur Hulme.,,,,
place,PLACE-ALTRINCHAM,registers/places/s06_carter_places_hulme_lived_discursive_space_v2.md,S06 — Compléments au registre des lieux — Hulme vécu et représenté,Altrincham,habitat,suburb,"[""S06-A007""]",Point de comparaison suburbain dans le récit de Jason sur les jugements extérieurs portés sur Hulme.,53.387,-2.349,ville,,,,,,,,,,,,,,,,,,,Point de comparaison suburbain dans le récit de Jason sur les jugements extérieurs portés sur Hulme.,,,,
place,PLACE-WALES-SEASIDE-TOWN,registers/places/s06_carter_places_hulme_lived_discursive_space_v2.md,S06 — Compléments au registre des lieux — Hulme vécu et représenté,Ville balnéaire galloise non nommée,lieu_memoire,lieu_temoignage,"[""S06-A009""]",Lieu extérieur à Hulme où Stephanie et Alison perçoivent plus nettement le racisme vécu par leurs pairs.,,,,,,,,,,,,,,,,,,,Lieu non nommé ; ne pas le suridentifier.,,,Lieu extérieur à Hulme où Stephanie et Alison perçoivent plus nettement le racisme vécu par leurs pairs.,,,,
place,PLACE-BRITANNIA-ROW-STUDIOS,registers/places/s10_sumner_places_late_jd_transition_memory_v2.md,S10 — Compléments au registre des lieux — Joy Division tardif et transition,Britannia Row Studios,studio,studio,"[""S10-A029"", ""S10-A030""]","Lieu d’enregistrement de Closer, associé au déplacement hors Manchester et à l’intensification sonore.",51.5392,-0.0972,exacte,,,"[""wikidata:Q4970934""]",,,,,,,,,,,,,,,,,"Lieu d’enregistrement de Closer, associé au déplacement hors Manchester et à l’intensification sonore.",,,
place,PLACE-CARGO-STUDIOS,registers/places/s10_sumner_places_late_jd_transition_memory_v2.md,S10 — Compléments au registre des lieux — Joy Division tardif et transition,Cargo Studios,studio,studio,"[""S10-A028""]",Studio associé à la phase Atmosphere / Dead Souls et aux extensions spectrales du son.,53.617,-2.156,rue,"Kenion Street, Rochdale ; studio fermé.",,,,,,,,,,,,,,,,,,,Studio associé à la phase Atmosphere / Dead Souls et aux extensions spectrales du son.,,,
place,PLACE-GRAVEYARD-STUDIO,registers/places/s10_sumner_places_late_jd_transition_memory_v2.md,S10 — Compléments au registre des lieux — Joy Division tardif et transition,Graveyard Studio,studio,lieu_repetition,"[""S10-A031""]",Lieu des répétitions tardives associées à Ceremony et In a Lonely Place dans la transition Joy Division / New Order.,53.53,-2.286,quartier,"Graveyard Studios, Prestwich. Source : https://prestwich.org.uk/history/places/graveyardstudios.html. Sources contradictoires sur l'emplacement exact.",,,,,,,,,,,,,,,,,,,Lieu des répétitions tardives associées à Ceremony et In a Lonely Place dans la transition Joy Division / New Order.,,,
place,PLACE-BOURNEMOUTH,registers/places/s10_sumner_places_late_jd_transition_memory_v2.md,S10 — Compléments au registre des lieux — Joy Division tardif et transition,Bournemouth,lieu_memoire,lieu_projection,"[""S10-A030""]","Lieu fantasmé d’un retrait de Curtis et d’un projet de bookshop, selon le récit rétrospectif de Sumner.",50.72,-1.88,ville,,,,,,,,,,,,,,,,,,,,"Lieu fantasmé d’un retrait de Curtis et d’un projet de bookshop, selon le récit rétrospectif de Sumner.",,,
place,PLACE-MANCHESTER-GLOBAL-MEMORY,registers/places/s10_sumner_places_late_jd_transition_memory_v2.md,S10 — Compléments au registre des lieux — Joy Division tardif et transition,Manchester / réception mondiale,lieu_memoire,lieu_symbolique,"[""S10-A036""]",Point de départ local de la mémoire mondiale de Joy Division / New Order.,,,,,,,,,,,,,,,,,,,,,,,Point de départ local de la mémoire mondiale de Joy Division / New Order.,,,
place,PLACE-ALFRED-STREET,registers/places/s10_sumner_places_salford_formation_sound_v2.md,"S10 — Compléments au registre des lieux — Salford, Manchester, Factory et studio",Alfred Street,quartier,rue_ouvriere,"[""S10-A001"", ""S10-A004""]",Rue d'enfance de Bernard Sumner à Lower Broughton ; communauté ouvrière détruite par clearance.,,,,,,,,,,,,,,,,,,,"Ne pas idéaliser la communauté ; intégrer violence, pauvreté, toxicité industrielle et destruction.",,,,Rue d'enfance de Bernard Sumner à Lower Broughton ; communauté ouvrière détruite par clearance.,,,
place,PLACE-LOWER-BROUGHTON,registers/places/s10_sumner_places_salford_formation_sound_v2.md,"S10 — Compléments au registre des lieux — Salford, Manchester, Factory et studio",Lower Broughton,quartier,quartier_salford,"[""S10-A001"", ""S10-A002""]","Quartier d'enfance de Sumner, marqué par industries, prison, Irwell et sociabilité ouvrière.",,,,,,,,,,,,,,,,,,,,,,,"Quartier d'enfance de Sumner, marqué par industries, prison, Irwell et sociabilité ouvrière.",,,
place,PLACE-WHEATHILL-CHEMICAL-WORKS,registers/places/s10_sumner_places_salford_formation_sound_v2.md,"S10 — Compléments au registre des lieux — Salford, Manchester, Factory et studio",Wheathill Chemical Works,industrie,site_industriel,"[""S10-A002""]","Usine chimique au bout d'Alfred Street, mémorisée par Sumner comme source d'odeurs et de toxicité.",53.499,-2.26,rue,"Mention dans l'autobiographie de B. Sumner (Chapter and Verse). Source : barnesandnoble.com/w/chapter-and-verse-bernard-sumner. Localisation approximative autour d'Alfred Street, Lower Broughton.",,,,,,,,,,,,,,,,,,,"Usine chimique au bout d'Alfred Street, mémorisée par Sumner comme source d'odeurs et de toxicité.",,,
place,PLACE-GREENGATE,registers/places/s10_sumner_places_salford_formation_sound_v2.md,"S10 — Compléments au registre des lieux — Salford, Manchester, Factory et studio",Greengate,habitat,tower_block_relogement,"[""S10-A003""]",Lieu du relogement familial de Sumner en tower block ; confort matériel mais perte de rue et de communauté.,53.4843,-2.25238,quartier,Quartier historique de Salford au bord de l'Irwell ; tours de relogement en grande partie démolies depuis. Coordonnée = centroïde de l'aire Greengate (Wikidata P625 Q5604052).,,"[""wikidata:Q5604052""]",,,,,,,,,,,,,,,,,Lieu du relogement familial de Sumner en tower block ; confort matériel mais perte de rue et de communauté.,,,
place,PLACE-SALFORD-GRAMMAR-SCHOOL,registers/places/s10_sumner_places_salford_formation_sound_v2.md,"S10 — Compléments au registre des lieux — Salford, Manchester, Factory et studio",Salford Grammar School,education,ecole,"[""S10-A007""]","Lieu de rencontre de Bernard Sumner, Peter Hook, Terry Mason et autres membres de leur sociabilité adolescente.",53.488,-2.298,rue,"Établissement nommé = bâtiment (granularité rue) ; coordonnée approximative à l'échelle de Salford, bâtiment précis non confirmé.",,,,,,,,,,,,,,,,,,,"Lieu de rencontre de Bernard Sumner, Peter Hook, Terry Mason et autres membres de leur sociabilité adolescente.",,,
place,PLACE-NORTH-SALFORD-YOUTH-CLUB,registers/places/s10_sumner_places_salford_formation_sound_v2.md,"S10 — Compléments au registre des lieux — Salford, Manchester, Factory et studio",North Salford Youth Club,salle,youth_club,"[""S10-A008""]","Lieu d'exposition à soul, ska, rock, Led Zeppelin, Santana, Stones et Black Sabbath.",53.504,-2.2567,rue,"North Salford Civic Youth Centre, Devonshire Street, Higher Broughton. Source : cylex-uk (north-salford-civic-youth-centre-14520351). Adresse postale ; bâtiment historique non confirmé.",,,,,,,,,,,,,,,,,,,"Lieu d'exposition à soul, ska, rock, Led Zeppelin, Santana, Stones et Black Sabbath.",,,
place,PLACE-LESSER-FREE-TRADE-HALL,registers/specialized/s13_tomeo_interzone_rave_era.md,Lieux,Lesser Free Trade Hall,salle,salle_concert,"[""S13"", ""S10-A010""]","Selon S13 : seuil punk de 1976, mentionné comme origine de la séquence culturelle mancunienne. | Selon S10 : Lieu du concert des Sex Pistols du 4 juin 1976, décisif mais non miraculeux selon Sumner.",53.4779,-2.247,exacte,"Petite salle AU SEIN du Free Trade Hall — distincte du grand hall (PLACE-FREE-TRADE-HALL) ; même bâtiment, point partagé.",,,,,,"[""registers/specialized/s13_tomeo_interzone_rave_era.md"", ""registers/places/s10_sumner_places_salford_formation_sound_v2.md""]",,,,,,,s13-lieux,,,,,,"Lieu du concert des Sex Pistols du 4 juin 1976, décisif mais non miraculeux selon Sumner.",,,
place,PLACE-VIRGIN-RECORDS-LEVER-STREET,registers/places/s10_sumner_places_salford_formation_sound_v2.md,"S10 — Compléments au registre des lieux — Salford, Manchester, Factory et studio","Virgin Records, Lever Street",commerce,disquaire_hub_punk,"[""S10-A013""]",Lieu où Sumner et Hook déposent l'annonce pour recruter un chanteur.,,,,,,,,,,,,,,,,,,,,,,,Lieu où Sumner et Hook déposent l'annonce pour recruter un chanteur.,,,
place,PLACE-GREY-MARE,registers/places/s10_sumner_places_salford_formation_sound_v2.md,"S10 — Compléments au registre des lieux — Salford, Manchester, Factory et studio",Grey Mare,studio,lieu_repetition,"[""S10-A014""]","Salle de répétition au-dessus d'un pub de Weaste, associée aux débuts avec Curtis.",53.48198,-2.30548,exacte,"Grey Mare, 386-388 Eccles New Road, Weaste, Salford. Source : https://camra.org.uk/pubs/grey-mare-weaste-170889. Ancien pub réaffecté.",,,,,,,,,,,,,,,,,,,"Salle de répétition au-dessus d'un pub de Weaste, associée aux débuts avec Curtis.",,,
place,PLACE-ELECTRIC-CIRCUS,registers/places/s10_sumner_places_salford_formation_sound_v2.md,"S10 — Compléments au registre des lieux — Salford, Manchester, Factory et studio",Electric Circus,salle,salle_concert,"[""S10-A015""]",Lieu du premier concert de Warsaw / Stiff Kittens le 29 mai 1977.,53.493,-2.221,rue,"Collyhurst ; salle fermée en 1977, démolie.",,,,,,,,,,,,,,,,,,,Lieu du premier concert de Warsaw / Stiff Kittens le 29 mai 1977.,,,
place,PLACE-RAFTERS-MANCHESTER,registers/places/s10_sumner_places_salford_formation_sound_v2.md,"S10 — Compléments au registre des lieux — Salford, Manchester, Factory et studio",Rafters,salle,salle_concert,"[""S10-A016""]",Lieu du concert d'avril 1978 qui déclenche la rencontre avec Rob Gretton.,53.475,-2.2408,exacte,"Rafters, 65 Oxford Street, Manchester ; concert JD 14/04/1978. Source : https://en.wikipedia.org/wiki/Rafters_(nightclub). Bâtiment localisable précisément.",,,,,,,,,,,,,,,,,,,Lieu du concert d'avril 1978 qui déclenche la rencontre avec Rob Gretton.,,,
place,PLACE-TJ-DAVIDSONS,registers/places/s10_sumner_places_salford_formation_sound_v2.md,"S10 — Compléments au registre des lieux — Salford, Manchester, Factory et studio",TJ Davidson's,studio,lieu_repetition,"[""S10-A016"", ""S10-A017"", ""S83"", ""S41""]","Selon S10 : Lieu de répétition central, proche du futur Haçienda, associé à Gretton et aux photographies de Curtis. | Selon S41 : Lieu central de répétition, de cristallisation sonore, de photographies célèbres et de tournage de la vidéo de « Love Will Tear Us Apart ».",53.474,-2.249,rue,"Entrepôt de répétition, Little Peter Street ; bâtiment d'origine disparu.",,,"[""Little Peter Street — T.J. Davidson's studio"", ""T. J. Davidson’s, Little Peter Street""]","[""Chapitre 1"", ""Chapitre 3"", ""Chapitre 13"", ""Chapitre 14""]","[""PLACE-S83-001"", ""PLACE-S41-TJ-DAVIDSONS-LITTLE-PETER-STREET""]","[""registers/places/s10_sumner_places_salford_formation_sound_v2.md"", ""registers/s83_hannett_architecture_specialized_registers.md"", ""registers/songs/s41_hook_songs_1977_an_ideal_name_change_tj_davidson_sound.md""]",162,193,"[""John S. Greenwood, Paul Tarpey, Manchester, Martin Hannett and Joy Division's Pungent Architecture, 2018"", ""Peter Hook, Unknown Pleasures: Inside Joy Division, 2012""]","[""2018"", ""2012""]",verifie,"[""studio_espace_industriel""]",,"[""S41-A053""]","Ne pas fétichiser le lieu comme cause autonome du son ; il agit comme environnement matériel et mémoriel.
",,,,"Lieu de répétition central, proche du futur Haçienda, associé à Gretton et aux photographies de Curtis.","[""JD-SONG-035""]",,
place,PLACE-GREENDOW-COMMERCIALS-STUDIO,registers/places/s10_sumner_places_salford_formation_sound_v2.md,"S10 — Compléments au registre des lieux — Salford, Manchester, Factory et studio",Greendow Commercials studio,studio,studio,"[""S10-A018""]",Studio commercial où se déroulent les sessions RCA / album avorté.,,,,"Arrow Studios / Greendow Commercials (sessions RCA). Source : https:""//www.discogs.com/label/309893. Coordonnée inconnue : aucune adresse"" fiable.",,,,,,,,,,,,,,,,,,,Studio commercial où se déroulent les sessions RCA / album avorté.,,,
place,PLACE-PENNINE-STUDIOS-OLDHAM,registers/places/s10_sumner_places_salford_formation_sound_v2.md,"S10 — Compléments au registre des lieux — Salford, Manchester, Factory et studio","Pennine Studios, Oldham",studio,studio,"[""S10-A019""]",Studio de l'enregistrement d'An Ideal for Living.,53.5395,-2.1054,rue,"Pennine Sound Studios, Ripponden Road, Oldham. Source : https://www.discogs.com/label/309892. Niveau voie ; n° exact non retrouvé.",,,,,,,,,,,,,,,,,,,Studio de l'enregistrement d'An Ideal for Living.,,,
place,PLACE-STRAWBERRY-STUDIOS,registers/places/s10_sumner_places_salford_formation_sound_v2.md,"S10 — Compléments au registre des lieux — Salford, Manchester, Factory et studio",Strawberry Studios,studio,studio,"[""S10-A020"", ""S10-A021""]",Studio de Stockport où Sumner découvre avec Hannett le studio comme instrument.,53.4084,-2.157,exacte,Studio fermé en 1993 ; bâtiment conservé (Stockport).,,"[""wikidata:Q7622496""]",,,,,,,,,,,,,,,,,Studio de Stockport où Sumner découvre avec Hannett le studio comme instrument.,,,
place,PLACE-LUTON-HOSPITAL,registers/places/s10_sumner_places_salford_formation_sound_v2.md,"S10 — Compléments au registre des lieux — Salford, Manchester, Factory et studio",Hôpital de Luton,sante,hopital,"[""S10-A024""]",Lieu de prise en charge après la crise épileptique de Curtis au retour du Hope and Anchor.,51.89382,-0.4753,exacte,,,"[""wikidata:Q101277612""]",,,,,,,,,,,,,,,,,Lieu de prise en charge après la crise épileptique de Curtis au retour du Hope and Anchor.,,,
place,PLACE-LITTLE-IRELAND,registers/places/s20_dodge_places_housing_geographies_v2.md,S20 — Compléments au registre des lieux — géographies du logement mancunien,Little Ireland,quartier,quartier_taudis_victorien,"[""S20-A002"", ""S07""]","Figure du logement ouvrier insalubre dans le Manchester industriel, située près du Medlock.",53.4731,-2.2419,quartier,"Quartier ouvrier irlandais disparu, démoli au XIXe siècle. Coordonnée = centroïde de la zone historique au confluent Medlock/Oxford Road (Wikidata P625 Q10567938).",,"[""wikidata:Q10567938""]",,,,,,,,,,,,,"À traiter comme lieu social et sanitaire, non comme simple motif noir.",,,,,,,
place,PLACE-ANGEL-MEADOW,registers/places/s20_dodge_places_housing_geographies_v2.md,S20 — Compléments au registre des lieux — géographies du logement mancunien,Angel Meadow,quartier,quartier_taudis_victorien,"[""S20-A002""]","Lieu emblématique du taudis victorien mancunien, utile pour la profondeur historique de l'insalubrité urbaine.",,,,,,,,,,,,,,,,,,,,,,,,,,
place,PLACE-VICTORIA-PARK-MANCHESTER,registers/places/s20_dodge_places_housing_geographies_v2.md,S20 — Compléments au registre des lieux — géographies du logement mancunien,Victoria Park,habitat,suburb_bourgeois,"[""S20-A003""]",Exemple de ségrégation résidentielle bourgeoise au XIXe siècle.,53.456,-2.213,quartier,,,,,,,,,,,,,,,,,,,,,,,
place,PLACE-CHORLTONVILLE,registers/places/s20_dodge_places_housing_geographies_v2.md,S20 — Compléments au registre des lieux — géographies du logement mancunien,Chorltonville,habitat,garden_suburb,"[""S20-A006""]",Exemple de solution garden suburb à portée sociale limitée.,53.434,-2.279,quartier,,,"[""wikidata:Q5105186""]",,,,,,,,,,,,,,,,,,,,
place,PLACE-WYTHENSHAWE,registers/places/s20_dodge_places_housing_geographies_v2.md,S20 — Compléments au registre des lieux — géographies du logement mancunien,Wythenshawe,ville,ville_satellite,"[""S20-A007"", ""S20-A008""]","Grand espace de relogement municipal, pensé comme ville satellite et solution à la surdensité des inner neighbourhoods.",53.392,-2.264,quartier,,,"[""wikidata:Q3570246""]",,,,,,,,,,,,,"Ne pas présenter comme pur progrès : intégrer distance, équipements insuffisants et isolement.",,,,,,,
place,PLACE-HATTERSLEY,registers/places/s20_dodge_places_housing_geographies_v2.md,S20 — Compléments au registre des lieux — géographies du logement mancunien,Hattersley,habitat,overspill_estate,"[""S20-A009""]",Grand estate périphérique illustrant le déplacement de la pauvreté et le désancrage social.,53.444,-2.043,quartier,,,"[""wikidata:Q3128340""]",,,,,,,,,,,,,,,,,,,,
place,PLACE-BESWICK,registers/places/s20_dodge_places_housing_geographies_v2.md,S20 — Compléments au registre des lieux — géographies du logement mancunien,Beswick,quartier,quartier_inner_city,"[""S20-A010"", ""S20-A011""]",Quartier de clearance et d'expérimentation moderniste autour du Wellington Street estate.,53.4743,-2.20266,quartier,,,"[""wikidata:Q4897126""]",,,,,,,,,,,,,,,,,,,,
place,PLACE-FORT-BESWICK,registers/places/s20_dodge_places_housing_geographies_v2.md,S20 — Compléments au registre des lieux — géographies du logement mancunien,Fort Beswick,habitat,estate_moderniste,"[""S20-A011"", ""S20-A013""]","Nom péjoratif du Wellington Street estate, emblématique de l'échec des deck-access estates.",53.4743,-2.2007,quartier,"Wellington Street Estate (Fort Beswick). Source : https://personalpages.manchester.ac.uk/staff/m.dodge/Fort-Beswick-Been-Gone-and-Forgotten.pdf. Coordonnée du secteur Beswick, pas du bloc précis.",,"[""wikidata:Q4897126""]",,,,,,,,,,,,,,,,,,,,
place,PLACE-WELLINGTON-STREET-ESTATE,registers/places/s20_dodge_places_housing_geographies_v2.md,S20 — Compléments au registre des lieux — géographies du logement mancunien,Wellington Street estate,habitat,deck_access_estate,"[""S20-A011"", ""S20-A013""]",Cas détaillé d'urban renewal et de mégastructure à Beswick.,,,,,,,,,,,,,,,,,,,,,,,,,,
place,PLACE-STRETFORD-ROAD,registers/places/s20_dodge_places_housing_geographies_v2.md,S20 — Compléments au registre des lieux — géographies du logement mancunien,Stretford Road,quartier,axe_urbain,"[""S20-A010""]",Axe associé à la renewal de Hulme et à l'effacement du tissu urbain ancien.,,,,,,,,,,,,,,,,,,,,,,,,,,
place,PLACE-MACCLESFIELD,registers/places/s35_morris_places_part_04.md,Lieux structurants,Macclesfield,ville,ville_provinciale,"[""S35""]","Selon S35 : Espace d'étouffement, danger local, désir de rupture. | Selon S35 : Espace provincial à quitter ; matrice d’attente et de frustration.",53.2581,-2.1255,ville,,,"[""wikidata:Q659804""]",,"[""Chapitre 1"", ""Chapitre 12"", ""Chapitre 14""]",,"[""registers/places/s35_morris_places_part_04.md"", ""registers/places/s35_morris_places_part_03.md""]",,,,,,,s35-lieux-fonction,"[""S35-A065"", ""S35-A033"", ""S35-A034"", ""S35-A035"", ""S35-A042""]",,"[""s35-lieux-role""]",,,,,,
place,PLACE-JODRELL-BANK,registers/places/s35_morris_places_part_03.md,"Registre lieux — S35 — Morris, *Record Play Pause*, 2019 — part 03",Jodrell Bank,science,radiotelescope,"[""S35""]",Objet technique local ; imaginaire spatial et futuriste.,53.2367,-2.3085,exacte,,,"[""wikidata:Q204686""]",,,,,,,,,,,s35-lieux-role,"[""S35-A034""]",,,,,,,,
place,PLACE-HOLMES-CHAPEL,registers/places/s35_morris_places_part_03.md,"Registre lieux — S35 — Morris, *Record Play Pause*, 2019 — part 03",Holmes Chapel,ville,village_repere,"[""S35""]",Repère géographique du trajet vers Jodrell Bank.,53.198,-2.357,ville,,,,,,,,,,,,,,s35-lieux-role,"[""S35-A034""]",,,,,,,,
place,PLACE-CHRIST-CHURCH-PRIMARY-SCHOOL,registers/places/s35_morris_places_part_03.md,"Registre lieux — S35 — Morris, *Record Play Pause*, 2019 — part 03",Christ Church Primary School,education,ecole_primaire,"[""S35""]",École primaire précédant l’eleven-plus.,,,,,,,,,,,,,,,,,s35-lieux-role,"[""S35-A035""]",,,,,,,,
place,PLACE-KINGS-SCHOOL,registers/places/s35_morris_places_part_03.md,"Registre lieux — S35 — Morris, *Record Play Pause*, 2019 — part 03",King’s School,education,grammar_school,"[""S35""]",Grammar school masculin ; discipline et apprentissage par friction.,53.252,-2.137,exacte,"King's School, Macclesfield.",,,,,,,,,,,,,s35-lieux-role,"[""S35-A035"", ""S35-A036""]",,,,,,,,
place,PLACE-BROKEN-CROSS-SECONDARY-MODERN,registers/places/s35_morris_places_part_03.md,"Registre lieux — S35 — Morris, *Record Play Pause*, 2019 — part 03",Broken Cross Secondary Modern,education,secondary_modern,"[""S35""]",Contrepoint scolaire dans le récit de l’eleven-plus.,,,,,,,,,,,,,,,,,s35-lieux-role,"[""S35-A035""]",,,,,,,,
place,PLACE-HODGSONS,registers/places/s35_morris_places_part_03.md,"Registre lieux — S35 — Morris, *Record Play Pause*, 2019 — part 03",Hodgson’s,commerce,magasin_disques,"[""S35""]",Magasin de disques ; apprentissage matériel du vinyle.,,,,Magasin de disques probable à Macclesfield. Coordonnée inconnue : aucune source de preuve suffisante.,,,,,,,,,,,,,s35-lieux-role,"[""S35-A039""]",,,,,,,,
place,PLACE-FREE-TRADE-HALL,registers/places/s35_morris_places_part_03.md,"Registre lieux — S35 — Morris, *Record Play Pause*, 2019 — part 03",Free Trade Hall,salle,salle_concert,"[""S35""]",Lieu des chocs live Hawkwind et Bowie.,53.4779,-2.247,exacte,"Reconverti en hôtel (façade conservée, Peter Street).",,"[""wikidata:Q5500433""]",,,,,,,,,,,s35-lieux-role,"[""S35-A041"", ""S35-A043""]",,,,,,,,
place,PLACE-LONDON,registers/places/s35_morris_places_part_03.md,"Registre lieux — S35 — Morris, *Record Play Pause*, 2019 — part 03",London,ville,ville,"[""S35""]","Horizon secondaire d’événement, comparé à Manchester.",51.5074,-0.1278,ville,,,"[""wikidata:Q84""]",,,,,,,,,,,s35-lieux-role,"[""S35-A042""]",,,,,,,,
place,PLACE-BELLE-VUE,registers/places/s35_morris_places_part_03.md,"Registre lieux — S35 — Morris, *Record Play Pause*, 2019 — part 03",Belle Vue,salle,salle_concert,"[""S35""]",Lieu du concert de The Who évoqué par Morris.,53.461,-2.18,quartier,,,,,,,,,,,,,,s35-lieux-role,"[""S35-A047""]",,,,,,,,
place,PLACE-IVY-LANE,registers/places/s35_morris_places_part_04.md,Lieux structurants,Ivy Lane,habitat,domicile_adolescent,"[""S35""]","Chambre, disques, batterie, repli adolescent.",,,,,,,,"[""Chapitre 1"", ""Chapitre 3""]",,,,,,,,,s35-lieux-fonction,"[""S35-A052"", ""S35-A053""]",,,,,,,,
place,PLACE-SOUTHPORT-FLORAL-HALL,registers/places/s35_morris_places_part_04.md,Lieux structurants,Southport Floral Hall,salle,salle_spectacle,"[""S35""]",Pacte paternel ; Basie et Dietrich.,53.654,-3.01,exacte,,,,,"[""Chapitre 1"", ""Chapitre 14""]",,,,,,,,,s35-lieux-fonction,"[""S35-A050""]",,,,,,,,
place,PLACE-PIPS,registers/places/s35_morris_places_part_04.md,Lieux structurants,Pips,salle,club,"[""S35""]",Sophistication glam ; contraste social avec le public rock.,53.4848,-2.2446,rue,"Pips Disco, 55 Fennel Street, Manchester. Source : https://www.joydiv.org/places.htm. Rue remodelée ; bâtiment disparu.",,,,"[""Chapitre 2"", ""Chapitre 14""]",,,,,,,,,s35-lieux-fonction,"[""S35-A051""]",,,,,,,,
place,PLACE-AUDENSHAW-GRAMMAR-SCHOOL,registers/places/s35_morris_places_part_04.md,Lieux structurants,Audenshaw Grammar School,education,grammar_school,"[""S35""]",Bannissement scolaire ; trajet vers Manchester.,53.46669,-2.1191,exacte,"Audenshaw School (ancien Audenshaw Grammar School), Hazel Street, Audenshaw. Source : get-information-schools.service.gov.uk/Establishments/Establishment/Details/136273. Établissement existant. (gias = Get Information About Schools, URN:136273.)",,"[""gias:136273""]",,"[""Chapitre 1""]",,,,,,,,,s35-lieux-fonction,"[""S35-A057""]",,,,,,,,
place,PLACE-GUIDE-BRIDGE,registers/places/s35_morris_places_part_04.md,Lieux structurants,Guide Bridge,infrastructure,seuil_ferroviaire,"[""S35""]",Seuil ferroviaire vers l'auto-éducation mancunienne.,53.4744,-2.1127,quartier,,,"[""wikidata:Q5615429""]",,"[""Chapitre 1""]",,,,,,,,,s35-lieux-fonction,"[""S35-A057""]",,,,,,,,
place,PLACE-HOUSE-ON-THE-BORDERLAND,registers/places/s35_morris_places_part_04.md,Lieux structurants,House on the Borderland,commerce,librairie,"[""S35""]","Librairie de contre-savoirs ; science-fiction, occultisme, underground.",,,,,,,,"[""Chapitre 1"", ""Chapitre 11"", ""Chapitre 14""]",,,,,,,,,s35-lieux-fonction,"[""S35-A058""]",,,,,,,,
place,PLACE-PERCIVALS,registers/places/s35_morris_places_part_04.md,Lieux structurants,Percival's,commerce,librairie,"[""S35""]","Librairie ; Ballard, Burroughs, presse marginale.",,,,,,,,"[""Chapitre 1"", ""Chapitre 11"", ""Chapitre 14""]",,,,,,,,,s35-lieux-fonction,"[""S35-A058""]",,,,,,,,
place,PLACE-BLACK-SEDAN,registers/places/s35_morris_places_part_04.md,Lieux structurants,Black Sedan,commerce,disquaire,"[""S35""]",Disquaire / bootlegs ; rareté et déception matérielle.,,,,,,,,"[""Chapitre 8"", ""Chapitre 14""]",,,,,,,,,s35-lieux-fonction,"[""S35-A059""]",,,,,,,,
place,PLACE-RARE-RECORDS,registers/places/s35_morris_places_part_04.md,Lieux structurants,Rare Records,commerce,disquaire,"[""S35""]",Disquaire ; non-rencontre mémorielle avec Curtis ; chasse au disque.,,,,,,,,"[""Chapitre 2"", ""Chapitre 8"", ""Chapitre 14""]",,,,,,,,,s35-lieux-fonction,"[""S35-A061""]",,,,,,,,
place,PLACE-ATWELL-AND-JENNERS-MILL,registers/places/s35_morris_places_part_04.md,Lieux structurants,Atwell and Jenner's mill,industrie,usine_textile,"[""S35""]",Travail textile ; rythme industriel vécu.,53.257,-2.1248,rue,"Atwell & Jenner Ltd, Goodall Street Works, Macclesfield. Source : Cheshire Archives DRY/5/7 (catalogue.cheshirearchives.org.uk/records/DRY/5/7). Coordonnée de Goodall Street ; usine exacte à confirmer.",,,,"[""Chapitre 1"", ""Chapitre 3"", ""Chapitre 13""]",,,,,,,,,s35-lieux-fonction,"[""S35-A060""]",,,,,,,,
place,PLACE-STONEGROUND-MAYFLOWER,registers/places/s35_morris_places_part_04.md,Lieux structurants,Stoneground / Mayflower,salle,salle_concert,"[""S35""]",Lieu-palimpseste ; scène pré-punk et futur lieu Joy Division.,53.461,-2.182,rue,"Stoneground / Mayflower Club, Birch Street, West Gorton (ancien cinéma Corona, démoli). Source : manchesterbeat.com/venues/venues-gorton/stoneground-mayflower-birch-st-gorton.",,,,"[""Chapitre 2"", ""Chapitre 3"", ""Chapitre 13""]",,,,,,,,,s35-lieux-fonction,"[""S35-A062""]",,,,,,,,
place,PLACE-HARDROCK,registers/places/s35_morris_places_part_04.md,Lieux structurants,Hardrock,salle,salle_concert,"[""S35""]","Écoute live non segmentée ; Bowie, Genesis, Hawkwind, Lou Reed.",53.4598,-2.2893,rue,"Hardrock, Greatstone Road, Stretford. Source : manchesterbeat.com/venues/stretford/hardrock-greatstone-road-stretford. Salle disparue.",,,,"[""Chapitre 2"", ""Chapitre 3""]",,,,,,,,,s35-lieux-fonction,"[""S35-A062""]",,,,,,,,
place,PLACE-BUXTON,registers/places/s35_morris_places_part_04.md,Lieux structurants,Buxton,ville,ville_provinciale,"[""S35""]",Festival pluvieux ; anti-utopie contre-culturelle.,53.259,-1.911,ville,,,,,"[""Chapitre 14""]",,,,,,,,,s35-lieux-fonction,"[""S35-A063""]",,,,,,,,
place,PLACE-WHITE-CITY,registers/places/s35_morris_places_part_04.md,Lieux structurants,White City,salle,salle_concert,"[""S35""]",Festival ; Children of God ; désillusion contre-culturelle.,53.462,-2.287,rue,"White City Stadium, Chester Road, Old Trafford. Source : https://en.wikipedia.org/wiki/White_City_Stadium_(Manchester). Coordonnée du complexe (corrigé de « site » → rue).",,,,"[""Chapitre 14""]",,,,,,,,,s35-lieux-fonction,"[""S35-A063""]",,,,,,,,
place,PLACE-LEWISS,registers/places/s35_morris_places_part_04.md,Lieux structurants,Lewis's,commerce,grand_magasin,"[""S35""]",Grand magasin ; Great Vinyl Robbery.,,,,,,,,"[""Chapitre 8"", ""Chapitre 14""]",,,,,,,,,s35-lieux-fonction,"[""S35-A064""]",,,,,,,,
place,PLACE-BOOTLE-STREET,registers/places/s35_morris_places_part_04.md,Lieux structurants,Bootle Street,pouvoir,commissariat,"[""S35""]",Arrestation ; retour brutal au réel.,,,,,,,,"[""Chapitre 8"", ""Chapitre 14""]",,,,,,,,,s35-lieux-fonction,"[""S35-A064""]",,,,,,,,
place,PLACE-S83-003,registers/s83_hannett_architecture_specialized_registers.md,"PLACE-S83-003 — Ferranti's manufacturing plant, Manchester",Ferranti's manufacturing plant,industrie,usine_manufacturiere,"[""S83""]",,,,,,,,,"[""Chapitre 3""]",,,163,194,"John S. Greenwood, Paul Tarpey, Manchester, Martin Hannett and Joy Division's Pungent Architecture, 2018",2018,verifie,,,,,,,,,,S83,"S83 — Greenwood & Tarpey, Manchester, Hannett and Joy Division's Pungent Architecture, 2018"
place,PLACE-S41-SWAN-PUB-ECCLES-NEW-ROAD,registers/songs/s41_hook_songs_1976_1977_timeline_two_warsaw_to_joy_division.md,"S41 — Chansons, concerts, lieux et objets — Timeline Two, de Warsaw à Joy Division","Swan pub, Eccles New Road, Salford",studio,lieu_repetition,"[""S41""]","L’un des premiers lieux de répétition, réactivé des années plus tard comme lieu de mémoire brutale de Ian et Joy Division.",,,,,,,,"[""Chapitre 13"", ""Chapitre 14""]",,,,,"Peter Hook, Unknown Pleasures: Inside Joy Division, 2012",2012,,,,"[""S41-A057""]",Distinguer l’usage initial comme salle de répétition et le retour mémoriel postérieur.,,,,,,S41,"S41 — Hook, Unknown Pleasures, 2012"
place,PLACE-HACIENDA,registers/specialized/s13_tomeo_interzone_rave_era.md,Lieux,Haçienda / FAC 51,salle,club,"[""S13""]",lieu de translation Factory / New Order / acid house.,53.4746,-2.2503,exacte,"FAC 51 ; démolie en 2002, remplacée par des logements.",,"[""wikidata:Q1572261""]",,,,,,,,,,,s13-lieux,,,,,,,,,
place,PLACE-WAREHOUSE-CHICAGO,registers/specialized/s13_tomeo_interzone_rave_era.md,Lieux,"Warehouse, Chicago",salle,club,"[""S13""]",repère de la house mobilisé par Tomeo.,,,,,,,,,,,,,,,,,s13-lieux,,À vérifier si l’événement ou la date sont cités en rédaction finale.,,,,,,,
place,PLACE-CHICAGO,registers/specialized/s13_tomeo_interzone_rave_era.md,Lieux,Chicago,ville,ville,"[""S13""]",origine house dans l’argumentaire Tomeo.,41.8781,-87.6298,ville,,,"[""wikidata:Q1297""]",,,,,,,,,,,s13-lieux,,,,,,,,,
place,PLACE-DETROIT,registers/specialized/s13_tomeo_interzone_rave_era.md,Lieux,Detroit,ville,ville,"[""S13""]",horizon techno à ne pas effacer si l’on parle de rave era.,42.3314,-83.0458,ville,,,"[""wikidata:Q12439""]",,,,,,,,,,,s13-lieux,,Detroit n’est pas le centre de S13 mais doit servir de garde-fou contre l’anglocentrisme.,,,,,,,
